ALIBABA GROUP HLDG ADR;7,02743700%
TENCENT HOLDINGS LI (CN);5,74453000%
TAIWAN SEMICONDUCTOR MFG;4,40653700%
SAMSUNG ELECTRONICS CO;3,61484200%
CHINA CONSTRUCTION BK H;1,41314100%
NASPERS N;1,32261300%
MEITUAN DIANPING B;1,24604900%
PING AN INSURANCE H;1,07734600%
RELIANCE INDUSTRIES;1,03963000%
CHINA MOBILE;0,80%
JD,COM ADR;0,74%
ICBC H;0,72%
HOUSING DEV FINANCE CORP;0,69%
SK HYNIX;0,67%
VALE ON;0,67%
GAZPROM (RUB);0,61%
LUKOIL HOLDING(RUB);0,58%
HON HAI PRECISION IND CO;0,58%
SBERBANK RUSSIA COM(RUB);0,57%
INFOSYS;0,57%
SAMSUNG ELECTRONICS PREF;0,53%
BANK OF CHINA H;0,53%
BAIDU ADR;0,53%
NETEASE COM ADR;0,51%
TATA CONSULTANCY;0,44%
NAVER;0,43%
TAL EDUCATION GROUP ADR;0,42%
MEDIATEK INC;0,42%
AMERICA MOVIL L;0,42%
HINDUSTAN UNILEVER;0,42%
QATAR NATIONAL BANK;0,39%
ICICI BANK;0,39%
ITAU UNIBANCO PN;0,39%
SAUDI BASIC IND CORP;0,38%
CNOOC;0,38%
NORILSK NICKEL MMC(RUB);0,36%
AL RAJHI BANKING & INV;0,34%
CHINA MERCHANTS BANK H;0,34%
BHARTI AIRTEL;0,33%
PETROBRAS PN;0,33%
CELLTRION;0,32%
BANK CENTRAL ASIA;0,32%
B3;0,32%
NEW ORIENTAL EDUCAT ADR;0,32%
PINDUODUO ADR A;0,31%
YUM CHINA HOLDINGS;0,30%
SAMSUNG SDI CO;0,30%
BANCO BRADESCO PN;0,30%
XIAOMI CORP B;0,30%
NATIONAL COMM BANK;0,29%
SAUDI TELECOM CO;0,29%
KWEICHOW MOUTAI A (HK-C);0,27%
WUXI BIOLOGICS;0,27%
LG CHEM;0,27%
PETROBRAS ON;0,26%
CHINA LIFE INSURANCE H;0,26%
CHUNGHWA TELECOM CO;0,26%
LARGAN PRECISION CO;0,25%
FEMSA UNIT UBD;0,25%
NOVATEK GDR;0,25%
WALMART MEXICO V;0,24%
CHINA RESOURCES LAND;0,24%
CP ALL PCL;0,24%
PTT;0,24%
TRIP COM GROUP LTD ADR;0,22%
ZTO EXPRESS ADR A;0,22%
CHINA OVERSEAS LAND &INV;0,22%
HYUNDAI MOTOR CO;0,22%
KAKAO CORP;0,22%
UNI-PRESIDENT ENT,;0,21%
CTBC FINANCIAL HOLDING;0,21%
SINO BIOPHARMACEUTICAL;0,21%
SHINHAN FINANCIAL GROUP;0,21%
AGRI BANK OF CHINA H;0,21%
HYUNDAI MOBIS;0,20%
BANK RAKYAT INDONESIA;0,20%
MEGA FINANCIAL HOLDING;0,20%
KB FINANCIAL GROUP;0,20%
SUNAC CHINA HOLDINGS;0,20%
AMBEV ON (NEW);0,20%
TATNEFT COMMON (RUB);0,20%
POSCO;0,20%
NCSOFT CORP;0,20%
AXIS BANK;0,20%
NAN YA PLASTIC;0,20%
CHINA PETRO & CHEM H;0,20%
FORMOSA PLASTIC CORP;0,19%
TELEKOMUNIKASI INDONESIA;0,19%
CATHAY FINANCIAL HOLDING;0,19%
SAUDI ARAMCO;0,19%
LG HOUSEHOLD & HEALTH;0,19%
CHINA MENGNIU DAIRY CO;0,19%
SHENZHOU INTERNATIONAL;0,19%
ANGLOGOLD ASHANTI;0,18%
ANTA SPORTS PRODUCTS;0,18%
SUNNY OPTICAL TECH;0,18%
ENN ENERGY HOLDINGS;0,18%
PUBLIC BANK;0,18%
COUNTRY GARDEN HLDGS;0,17%
CREDICORP;0,17%
E,SUN FINANCIAL HOLDINGS;0,17%
FUBON FINANCIAL HOLDING;0,17%
CSPC PHARMACEUTICAL GRP;0,17%
CHINA GAS HOLDINGS;0,17%
DELTA ELECTRONICS;0,17%
ANHUI CONCH CEMENT H;0,17%
MARUTI SUZUKI INDIA;0,17%
ITC;0,17%
CHINA TOWER CORP H;0,16%
ALIBABA HEALTH INFO TECH;0,16%
MAGAZINE LUIZA ON;0,16%
FORMOSA CHEMICALS FIBRE;0,15%
SAMSUNG BIOLOGICS;0,15%
LONGFOR GROUP HOLDINGS;0,15%
SIAM CEMENT;0,15%
AIRPORTS OF THAILAND;0,15%
FIRST ABU DHABI BANK;0,15%
GRUPO FIN BANORTE O;0,15%
KT&G CORP(KOREA TOBACCO);0,15%
HCL TECHNOLOGIES;0,15%
CHINA RESOURCES BEER;0,15%
CHINA STEEL CORP COMMON;0,14%
FIRSTRAND;0,14%
SMIC;0,14%
CHINA PACIFIC INS GRP H;0,14%
FIRST FINANCIAL HLDG CO;0,14%
VIPSHOP HOLDINGS ADR;0,14%
EMIRATES TELECOM CORP;0,14%
CHINA CONCH VENTURE;0,14%
OTP BANK;0,14%
ITAUSA PN;0,14%
KIA MOTORS CORP;0,13%
HANA FINANCIAL HOLDINGS;0,13%
PETROCHINA CO H;0,13%
STANDARD BANK GROUP;0,13%
ADVANCED INFO SERVICE;0,13%
LI NING CO;0,13%
GEELY AUTOMOBILE HLDGS;0,13%
SAMSUNG C&T CORPORATION;0,13%
GRUPO MEXICO B;0,13%
SK HOLDINGS;0,13%
GOLD FIELDS;0,13%
ASE TECHNOLOGY HOLDING;0,12%
MALAYAN BANKING;0,12%
QUANTA COMPUTER;0,12%
CD PROJEKT;0,12%
BANGKOK DUSIT MED, SVCS;0,12%
TAIWAN CEMENT CORP;0,12%
ASTRA INTERNATIONAL;0,12%
WEG ON;0,12%
PING AN INS A (HK-C);0,12%
COUNTRY GARDEN SVCS;0,12%
ASIAN PAINTS;0,12%
POSTAL SAVINGS BANK H;0,12%
SM PRIME HOLDINGS;0,12%
ROSNEFT (RUB);0,12%
CHINA SHENHUA ENERGY H;0,11%
RIYAD BANK;0,11%
TAIWAN COPR FINL HLDG;0,11%
TENAGA NASIONAL;0,11%
SAMBA FINANCIAL GROUP;0,11%
SANLAM;0,11%
PICC PPTY & CASUALTY H;0,11%
LOJAS RENNER ON;0,11%
CHINA MERCH BK A (HK-C);0,11%
DR REDDY'S LABORATORIES;0,11%
GUANGDONG INVESTMENT;0,11%
TAIWAN MOBILE;0,11%
LARSEN & TOUBRO;0,11%
ULTRATECH CEMENT;0,11%
UNITED MICROELECTRONICS;0,11%
SAMSUNG ELECTRO-MECH, CO;0,11%
CITIC;0,10%
BANK MANDIRI;0,10%
PRESIDENT CHAIN STORE;0,10%
INNOVENT BIOLOGICS;0,10%
SK INNOVATION CO;0,10%
NOTRE DAME INTERMED ON;0,10%
IMPALA PLATINUM HOLDINGS;0,10%
TOP GLOVE CORP;0,10%
POLYUS (RUB);0,10%
COMMERCIAL INTL BANK;0,10%
HOTAI MOTOR COMPANY;0,10%
HENGAN INTL GROUP CO;0,10%
BANK OF COMMUNICATIONS H;0,10%
CIMB GROUP HOLDINGS;0,10%
SAMSUNG SDS CO;0,10%
NATURA & CO HOLDINGS;0,10%
MTN GROUP;0,10%
NESTLE INDIA;0,10%
AYALA LAND;0,09%
CELLTRION HEALTHCARE;0,09%
HUA NAN FINANCIAL HLDGS;0,09%
YUANTA FINANCIAL HOLDING;0,09%
WULIANGYE YIBIN A (HK-C);0,09%
SUN PHARMACEUTICAL IND;0,09%
HARTALEGA HOLDINGS;0,09%
BAJAJ FINANCE;0,09%
LG ELECTRONICS (NEW);0,09%
SHIMAO PROPERTY HLDGS;0,09%
ENEL AMERICAS;0,09%
POLSKI KONCERN NAF ORLEN;0,09%
BANCO BRASIL ON;0,09%
PING AN HEALTHCARE & TEC;0,09%
CATCHER TECH CO;0,09%
CHINA VANKE CO H;0,09%
LG CORP (NEW);0,09%
PKO BANK POLSKI;0,09%
ASUSTEK COMPUTER;0,09%
CHINA RESOURCES GAS GRP;0,09%
QATAR ISLAMIC BANK;0,09%
SHANGHAI COMM & SAV BANK;0,09%
GLOBANT;0,09%
HDFC LIFE INSURANCE CO;0,09%
POLYMETAL INTL (RUB);0,09%
CHAILEASE HOLDING;0,09%
58,COM ADR;0,09%
BANQUE SAUDI FRANSI;0,09%
BID CORPORATION;0,09%
AVENUE SUPERMARTS;0,09%
GDS HOLDINGS A ADR;0,09%
VODACOM GROUP;0,09%
SAMSUNG FIRE & MARINE;0,08%
HUAZHU GROUP ADR;0,08%
SAUDI BRITISH BANK;0,08%
RUMO ON;0,08%
TENCENT MUSIC ENT A ADR;0,08%
AUTOHOME ADR;0,08%
KEPCO KOREA ELECT, POWER;0,08%
BANCO BRADESCO ON;0,08%
MAHINDRA & MAHINDRA;0,08%
POWSZECHNY ZAKLAD UBEZP;0,08%
CHINA NATL BUILDING H;0,08%
SHANDONG WEIGAO GROUP H;0,08%
JBS ON;0,08%
SM INVESTMENTS;0,08%
RAIA DROGASIL ON;0,08%
SIBANYE STILLWATER;0,08%
YIHAI INTL HLDG;0,08%
AMOREPACIFIC CORP (NEW);0,08%
KINGDEE INTL SOFTWARE;0,08%
REALTEK SEMICONDUCTOR;0,08%
SAUDI ARAB FERTILIZER;0,08%
SAUDI ARABIAN MINING CO;0,08%
MAGNIT GDR;0,08%
BIM BIRLESIK MAGAZALAR;0,08%
LOCALIZA RENT A CAR ON;0,08%
TAISHIN FINANCIAL HLDG;0,08%
PEGATRON;0,08%
REMGRO;0,08%
AYALA CORP;0,08%
MOBILE TELESYS ADR;0,08%
CHINA TELECOM CORP H;0,07%
CHINA MINSHENG BANK H;0,07%
CHINA EVERGRANDE GROUP;0,07%
LOJAS AMERICANAS PN;0,07%
SURGUTNEFTEGAZ COMN(RUB);0,07%
SBI LIFE INSURANCE CO;0,07%
HLB;0,07%
ACCTON TECHNOLOGY CORP;0,07%
SINOPAC HOLDINGS;0,07%
UNILEVER INDONESIA;0,07%
WOORI FINANCIAL GROUP;0,07%
CITIC SECURITIES CO H;0,07%
NOVATEK MICROELECTRS;0,07%
STATE BANK OF INDIA;0,07%
INDUSTRIES QATAR;0,07%
CHINA CITIC BANK H;0,07%
TELEF BRASIL PN;0,07%
BANCO DE CHILE;0,07%
AL RAYAN BANK;0,07%
TITAN COMPANY;0,07%
HAIDILAO INTL HOLDING;0,07%
ALINMA BANK;0,07%
AAC TECHNOLOGIES (CN);0,07%
SUZANO ON;0,07%
LENOVO GROUP;0,07%
BDO UNIBANK;0,07%
CHINA DEV FINANCIAL HLDG;0,07%
ZAI LAB ADR;0,07%
CHAROEN POKPHAND FOODS;0,07%
POWER GRID CORP OF INDIA;0,07%
BYD CO H;0,07%
SILERGY CORP;0,07%
PTT EXPLORATION & PROD;0,07%
CHINA JINMAO HLDGS GROUP;0,07%
SAUDI ELECTRICITY CO;0,07%
INTOUCH HOLDINGS;0,07%
JOYY INC ADR;0,07%
X5 RETAIL GROUP GDR (RU);0,07%
SK TELECOM CO;0,07%
IQIYI ADR A;0,07%
CEMEX CPO;0,07%
KASIKORNBANK FGN;0,07%
WANT WANT CHINA HLDGS;0,07%
CENTRAL PATTANA PUB CO;0,07%
ALMARAI CO;0,07%
DIALOG GROUP;0,07%
YAGEO CORP;0,07%
JIANGSU HENGRUI A (HK-C);0,06%
B2W CIA DIGITAL ON;0,06%
SURGUTNEFTEGAZ PREF(RUB);0,06%
ICICI LOMBARD GENL INS;0,06%
SUN ART RETAIL GROUP;0,06%
WEICHAI POWER CO H;0,06%
HAIER ELCTRNCS GRP (CN);0,06%
YANBU NATL PETROCHEMICAL;0,06%
CHINA UNICOM;0,06%
FAR EASTONE TELECOM, CO;0,06%
LITE-ON TECHNOLOGY CORP;0,06%
SABESP ON;0,06%
ABU DHABI COMM BANK;0,06%
ANGLO AMERICAN PLATINUM;0,06%
ADVANTECH CO;0,06%
FORMOSA PETROCHEMICAL CO;0,06%
PETRONAS CHEMICALS GROUP;0,06%
GODREJ CONSUMER PRDCTS;0,06%
SINOPHARM GROUP CO H;0,06%
TINGYI HOLDING CORP (CN);0,06%
OTE HELLENIC TELECOM;0,06%
EQUATORIAL ENERGIA ON;0,06%
FOSUN INTL(CN);0,06%
BB SEGURIDADE PART ON;0,06%
TECH MAHINDRA;0,06%
PETRONAS GAS;0,06%
CLICKS GROUP;0,06%
ABSA GROUP;0,06%
CCR ON;0,06%
DABUR INDIA;0,06%
CHINA YANGTZE A (HK-C);0,06%
NIO A ADR;0,06%
ARAB NATIONAL BANK;0,06%
SASOL;0,06%
WIPRO;0,06%
DIGI,COM;0,06%
CEZ CESKE ENER ZAVODY;0,06%
PTT GLOBAL CHEMICAL;0,06%
ASIA CEMENT CORP;0,06%
BILIBILI ADR Z;0,06%
CHANG HWA COMMERCIAL BK;0,06%
CHINA RESOURCES CEMENT;0,06%
ASPEN PHARMACARE HLDGS;0,06%
SOUTHERN COPPER CORP;0,06%
KGHM POLSKA MIEDZ;0,06%
NTPC;0,06%
RICHTER GEDEON;0,06%
BANCOLOMBIA PREF;0,06%
XINYI SOLAR HLDGS (CN);0,06%
SHIN KONG FINL HLDGS;0,06%
BAJAJ AUTO;0,06%
TSINGTAO BREWERY H;0,06%
PETROBRAS DIST ON;0,06%
EMIRATES NBD BANK;0,05%
BTS GROUP HOLDINGS;0,05%
HERO MOTOCORP;0,05%
EICHER MOTORS;0,05%
MOMO A ADR;0,05%
OLD MUTUAL (NEW);0,05%
WIN SEMICONDUCTORS;0,05%
SHOPRITE HOLDINGS;0,05%
BHARAT PETROLEUM CORP;0,05%
GRUPO TELEVISA CPO;0,05%
CIPLA;0,05%
ZHONGSHENG GROUP HLDGS;0,05%
SAVOLA;0,05%
KOREA SHIPBUILDING;0,05%
CHAROEN POKPHAND INDO;0,05%
MAXIS BHD;0,05%
SOQUIMICH PREF B;0,05%
CHINA COMMUNIC CONST H;0,05%
JG SUMMIT HOLDINGS;0,05%
INDUSTRIAL BANK A (HK-C);0,05%
SEVERSTAL (RUB);0,05%
IHH HEALTHCARE;0,05%
CONTEMPORARY AMP A(HK-C);0,05%
OIL & NATURAL GAS CORP;0,05%
GRUPO AEROP PACIFICO B;0,05%
HOME PRODUCT CENTER;0,05%
ETIHAD ETISALAT CO;0,05%
AUROBINDO PHARMA;0,05%
UPL;0,05%
WISTRON CORP;0,05%
GERDAU PN;0,05%
KINGSOFT;0,05%
TURKIYE GARANTI BANKASI;0,05%
BRILLIANCE CHINA AUTO;0,05%
FAR EASTERN NEW CENTURY;0,05%
DP WORLD;0,05%
NEW CHINA LIFE INS H;0,05%
COWAY;0,05%
BCO SANTANDER CHILE (NEW;0,05%
S-OIL CORP;0,05%
GLOBALWAFERS;0,05%
GRUPO BIMBO A;0,05%
ECOPETROL;0,05%
SAMSUNG LIFE INSURANCE;0,05%
AKBANK;0,05%
LOTTE CHEMICAL CORP;0,05%
COMPAL ELECTRONICS;0,05%
FOSHAN HAITIAN A (HK-C);0,05%
SHANGHAI PUDONG A (HK-C);0,05%
BRITANNIA INDUSTRIES;0,05%
KOREA ZINC;0,05%
DIVI'S LABORATORIES;0,05%
IOI CORP;0,05%
MOL MAGYAR OLAJ GAZIPARI;0,05%
INTER RAO UES(RUB);0,05%
ORION CORP (NEW);0,05%
HIWIN TECHNOLOGIES CORP;0,05%
ALROSA (RUB);0,05%
MISC BHD;0,05%
FIBRA UNO ADMINISTRACION;0,05%
GULF ENERGY DEVELOPMENT;0,05%
KLABIN UNIT;0,05%
PPB GROUP;0,05%
PEOPLE'S INSURANCE CO H;0,05%
TAIWAN HIGH SPEED RAIL;0,05%
EMPRESAS COPEC;0,05%
GSX TECHEDU A ADR;0,05%
BRF ON;0,05%
CHINA TAIPING INSURANCE;0,05%
NANYA TECHNOLOGY;0,05%
LUPIN;0,05%
CIFI HOLDINGS GROUP CO;0,05%
POWERTECH TECHNOLOGY;0,05%
SUL AMERICA UNITS;0,04%
MESAIEED PETROCHEMICAL;0,04%
ELECTRICITY GENERATING;0,04%
BARITO PACIFIC;0,04%
BANK PEKAO;0,04%
KUNLUN ENERGY;0,04%
SIME DARBY PLANTATION;0,04%
AXIATA GROUP;0,04%
A-LIVING SERVICES CO H;0,04%
EMAAR PROPERTIES;0,04%
REINET INVESTMENTS;0,04%
COAL INDIA;0,04%
SHREE CEMENT;0,04%
ZHEN DING TECHNOLOGY;0,04%
BAJAJ FINSERV;0,04%
GENSCRIPT BIOTECH;0,04%
SHENZHEN MINDRAY A(HK-C);0,04%
GUANGZHOU AUTO GROUP H;0,04%
BANGKOK EXPRESSWAY & MET;0,04%
HUATAI SECURITIES CO H;0,04%
RMB HOLDINGS;0,04%
BIDVEST GROUP;0,04%
NOVOLIPETSK STEEL (RUB);0,04%
PIDILITE INDUSTRIES;0,04%
GRUMA B;0,04%
ZIJIN MINING GROUP H;0,04%
KIMBERLY-CLARK MEXICO A;0,04%
WUXI APPTEC CO H;0,04%
GRUPO AEROPORTUARIO B;0,04%
ICBC A (HK-C);0,04%
MICRO-STAR INTERNATIONAL;0,04%
GIANT MANUFACTURING CO,;0,04%
HYPERMARCAS ON;0,04%
LG UPLUS;0,04%
ULTRAPAR PART ON;0,04%
CAPITEC BANK HOLDINGS;0,04%
EMPRESAS CMPC;0,04%
UNIVERSAL ROBINA CORP;0,04%
POU CHEN CORP;0,04%
HANSOH PHARMACEUTICAL;0,04%
VEDANTA;0,04%
GRASIM INDUSTRIES;0,04%
NESTLE (MALAYSIA);0,04%
COCA-COLA FEMSA UBL;0,04%
CHINA INTL CPTL CORP H;0,04%
INTERCONEXION ELEC (NEW);0,04%
TURKCELL ILETISIM HIZMET;0,04%
UNITED SPIRITS;0,04%
DINO POLSKA;0,04%
HAPVIDA PARTICIPACOES ON;0,04%
HANGZHOU HIKVIS A (HK-C);0,04%
MOSCOW EXCHANGE (RUB);0,04%
NORTHAM PLATINUM;0,04%
AU OPTRONICS CORP;0,04%
CHINA RESOURCES POWER;0,04%
QATAR ELECT & WATER CO;0,04%
LPP;0,04%
HYUNDAI HEAVY IND HLDGS;0,04%
QATAR FUEL CO;0,04%
DISCOVERY HOLDINGS;0,04%
MUYUAN FOODSTUFF A(HK-C);0,04%
MULTICHOICE GROUP;0,04%
ADANI PORTS AND SEZ;0,04%
KUALA LUMPUR KEPONG;0,04%
VANGUARD INTL SC;0,04%
LOGAN PROPERTY HOLDINGS;0,04%
JARIR MARKETING CO;0,04%
WIWYNN CORPORATION;0,04%
BANK ALBILAD;0,04%
HAITONG SECURITIES CO H;0,04%
HYUNDAI ENGR, & CONSTR,;0,04%
INFO EDGE (INDIA);0,04%
PING AN BANK CO A (HK-C);0,04%
JSW STEEL;0,04%
LUXSHARE PREC A (HK-C);0,04%
CHINA VANKE CO A (HK-C);0,04%
KANGWON LAND;0,04%
CENTRAL RETAIL CORP;0,04%
CGN POWER CO H;0,04%
HINDALCO INDUSTRIES;0,04%
INDIAN OIL CORP;0,04%
PLDT;0,04%
AGRI BANK OF CN A (HK-C);0,04%
BANCO BTG PACTUAL;0,04%
TIM PARTICIPACOES ON;0,04%
ZEE ENTERTAINMENT ENT;0,04%
GROWTHPOINT PROP LTD;0,04%
DAELIM INDUSTRIAL CO;0,04%
COMMERCIAL BANK OF QATAR;0,04%
WPG HOLDINGS CO;0,04%
CRRC CORP H;0,04%
NEDBANK GROUP;0,04%
ZTE CORP H;0,04%
TATA CONSUMER PRODUCTS;0,04%
INVENTEC CO;0,04%
ENEL CHILE;0,04%
SEAZEN GROUP;0,04%
CHINA RAILWAY GROUP H;0,04%
HONG LEONG BANK;0,04%
HOTEL SHILLA CO;0,04%
AIRTAC INTERNATIONAL;0,04%
FENG TAY ENTERPRISE CO;0,04%
KALBE FARMA;0,04%
BK SANTANDER BRASIL UNIT;0,04%
WALSIN TECHNOLOGY CORP;0,04%
MARICO;0,04%
LG DISPLAY CO;0,04%
CJ CHEILJEDANG CORP;0,04%
TATA MOTORS;0,04%
CHENG SHIN RUBBER IND;0,04%
YUHAN CORP;0,04%
SYNNEX TECHNOLOGY INTL;0,04%
COSAN ON;0,04%
ECLAT TEXTILE COMPANY;0,04%
SIAM COMMERCIAL BANK;0,04%
SINA CORP;0,04%
JUMBO;0,04%
SEMEN INDONESIA;0,04%
GENTING;0,04%
NEPI ROCKCASTLE;0,04%
GREAT WALL MOTOR H;0,04%
ANHUI CONCH A (HK-C);0,04%
SPAR GROUP (THE);0,04%
PETRONET LNG;0,04%
BANK NEGARA INDONESIA;0,04%
CHINA EVERBRIGHT INTL;0,04%
BEIJING ENTERPRISE WATER;0,04%
ARCA CONTINENTAL;0,04%
CIA BR DE DIST ON (NEW);0,04%
TAIWAN BUSINESS BANK;0,04%
LAND & HOUSES;0,03%
GAIL INDIA;0,03%
SAMSUNG HEAVY INDUSTRIES;0,03%
CYFROWY POLSAT SA;0,03%
CITIC SECURITIES A(HK-C);0,03%
PRICE GROUP (MR);0,03%
KWG GROUP HOLDINGS;0,03%
CHINA LIFE INSURANCE CO;0,03%
OPAP;0,03%
POLISH OIL & GAS;0,03%
DUZONBIZON CO;0,03%
KOREA INVESTMENT HLDG;0,03%
TRAVELSKY TECHNOLOGY H;0,03%
CEMIG PN;0,03%
COGNA EDUCACAO ON;0,03%
KOC HOLDING;0,03%
ENERGY ABSOLUTE;0,03%
PHOSAGRO GDR;0,03%
KASIKORNBANK;0,03%
INDUSTRIAL BANK OF KOREA;0,03%
CHINA RAILWAY CONST H;0,03%
RHB BANK;0,03%
EMART CO;0,03%
SHENZHEN INTL HOLDINGS;0,03%
HYUNDAI MOTOR CO PREF 2;0,03%
TOPSPORTS INTERNATIONAL;0,03%
ALDAR PROPERTIES;0,03%
UNITED TRACTORS;0,03%
CHINA LITERATURE;0,03%
FALABELLA SACI;0,03%
BUPA ARABIA FOR COPR INS;0,03%
HAVELLS INDIA;0,03%
PROMOTORA Y OPER DE INFR;0,03%
CHINA STATE CON A (HK-C);0,03%
DB INSURANCE CO;0,03%
BUENAVENTURA MINAS ADR;0,03%
EXXARO RESOURCES;0,03%
LG INNOTEK CO;0,03%
ABOITIZ EQUITY VENTURES;0,03%
ELETROBRAS ON;0,03%
DONGFENG MOTOR GROUP H;0,03%
ICTSI INTL CONTAINER;0,03%
FAR EAST HORIZON;0,03%
KUMBA IRON ORE;0,03%
CHINA GALAXY SEC H;0,03%
ICICI PRUDENTIAL LIFE;0,03%
HYUNDAI GLOVIS CO;0,03%
SINOTRUK (HONG KONG);0,03%
DUBAI ISLAMIC BANK;0,03%
INNOLUX CORP;0,03%
CHICONY ELECTRONICS CO;0,03%
AMBUJA CEMENTS;0,03%
CENCOSUD;0,03%
INDOFOOD SUKSES MAKMUR;0,03%
BANGKOK BANK FGN;0,03%
CHINA MERCHANTS PORT;0,03%
BEIJING ENTERPRISES HLDG;0,03%
BANCOLOMBIA;0,03%
CHINA MINSHENG A (HK-C);0,03%
RATCH GROUP PUBLIC CO;0,03%
VTB BANK(RUB);0,03%
BANCO DE CREDITO E INVER;0,03%
GLOBAL POWER SYNERGY;0,03%
WEIBO CORP ADR;0,03%
51JOB ADR;0,03%
PSG GROUP;0,03%
BANK OF COMMU A (HK-C);0,03%
SAUDI KAYAN PETROCHEM;0,03%
SHANGHAI FOSUN PHARMA H;0,03%
CHINA INTL TRVL A (HK-C);0,03%
NETMARBLE CORP;0,03%
EREGLI DEMIR CELIK FABRI;0,03%
ACER;0,03%
GUANGZHOU R&F PROP H;0,03%
CHINA CINDA ASSET MGMT H;0,03%
FOXCONN TECHNOLOGY CO;0,03%
WHARF HOLDINGS (CN);0,03%
GRUPO FIN INBURSA O;0,03%
ALFA;0,03%
MINOR INTERNATIONAL;0,03%
WOOLWORTHS HOLDINGS;0,03%
CHINA FEIHE;0,03%
QATAR INTL ISLAMIC;0,03%
KOMERCNI BANKA;0,03%
KINGBOARD HOLDINGS (CN);0,03%
TUPRAS TURKIYE PETROL;0,03%
GENTING MALAYSIA;0,03%
QL RESOURCES;0,03%
GS HOLDINGS CORP;0,03%
CHINA COMMU SERVICES H;0,03%
JUBILANT FOODWORKS;0,03%
GUDANG GARAM;0,03%
ENERGISA UNIT;0,03%
ASELSAN ELEKTRONIK;0,03%
GREENTOWN SERVICE GROUP;0,03%
BERLI JUCKER;0,03%
GAMUDA;0,03%
3SBIO;0,03%
ENGIE BRASIL ON;0,03%
HINDUSTAN PETROLEUM CORP;0,03%
THAI OIL;0,03%
INFRA ENERGETICA;0,03%
INDORAMA VENTURES;0,03%
SAMSUNG ENGINEERING CO;0,03%
ORBIA ADVANCE CORP;0,03%
TORRENT PHARMACEUTICALS;0,03%
CHINA LONGYUAN POWER H;0,03%
FILA HOLDINGS;0,03%
TONGCHENG-ELONG HOLDINGS;0,03%
CHINA MEDICAL SYSTEM;0,03%
ALIBABA PICTURES GROUP;0,03%
HYUNDAI STEEL CO;0,03%
MIRAE ASSET DAEWOO;0,03%
BR MALLS PARTICIPACOE ON;0,03%
BUMRUNGRAD HOSPITAL PUB;0,03%
CHINA PACIFIC A (HK-C);0,03%
HUTCHISON CHINA ADR;0,03%
KOREA AEROSPACE IND;0,03%
OOREDOO;0,03%
BERGER PAINTS INDIA;0,03%
PETRONAS DAGANGAN;0,03%
CHINA OILFIELD SVCS H;0,03%
HDFC ASSET MANAGEMENT;0,03%
BARWA REAL ESTATE CO;0,03%
SANTANDER BANK POLSKA;0,03%
HANON SYSTEMS;0,03%
CHINA OVERSEAS PPTY HLDG;0,03%
HANKOOK TIRE & TECH;0,03%
CELLTRION PHARM;0,03%
GLOBE TELECOM;0,03%
POLY DEV & HLDGS A(HK-C);0,03%
INNER MONGOL YIL A(HK-C);0,03%
SHINSEGAE CO (NEW);0,03%
BIOCON LTD;0,03%
GREE ELECT APPL A (HK-C);0,03%
CANSINO BIOLOGICS H;0,03%
TATA STEEL;0,03%
SAMSUNG SECURITIES CO;0,03%
ELETROBRAS PN B;0,03%
ZHUZHOU CRRC TIMES H;0,03%
HANWHA SOLUTIONS;0,03%
TIGER BRANDS;0,03%
JIANGSU EXPRESSWAY CO H;0,03%
PAGE INDUSTRIES;0,03%
ADVANCED PETROCHEMICALS;0,03%
TRUE CORP;0,03%
GS ENGINEERING & CONSTR;0,03%
LOTOS GROUP;0,03%
NINE DRAGONS PAPER;0,03%
PHISON ELECTRONICS CORP;0,03%
SAHARA INTL PETROCHEM;0,03%
LIFE HEALTHCARE GROUP;0,03%
ABDULLAH AL OTHAIM MKT;0,03%
CHINA AOYUAN GROUP;0,03%
INDUSTRIAS PENOLES CP;0,02%
CHINA EVERBRIGHT;0,02%
NIEN MADE ENTERPRISE CO;0,02%
SIME DARBY;0,02%
AIER EYE HOSP A(HK-C);0,02%
CPFL ENERGIA ON;0,02%
ATACADAO;0,02%
BYD ELECTRONIC INTL;0,02%
JIANGSU YANGHE A (HK-C);0,02%
WUXI APPTEC A (HK-C);0,02%
ZHONGAN ONLINE P&C H;0,02%
WINBOND ELECTRONICS CORP;0,02%
UNI-PRESIDENT CHINA HLDG;0,02%
HUANENG POWER INTL H;0,02%
BANK OF NINGBO A (HK-C);0,02%
CHINA LESSO GROUP HLDGS;0,02%
CSN SIDERURGICA NATL ON;0,02%
GF SECURITIES CO H;0,02%
SANY HEAVY IND A (HK-C);0,02%
HAITIAN INTL HLDGS;0,02%
PIRAMAL ENTERPRISES;0,02%
AMOREG;0,02%
BGRIMM POWER;0,02%
MAGNITOGORSK IRON (RUB);0,02%
ZHAOJIN MINING IND H;0,02%
POLY PROPERTY DEVLPT H;0,02%
METROPOLITAN BANK &TRUST;0,02%
DALI FOODS GROUP CO;0,02%
BANGKOK COMM ASSET MGT;0,02%
YUEXIU PROPERTY CO;0,02%
THAI UNION GROUP;0,02%
INDRAPRASTHA GAS;0,02%
MANILA ELECTRIC CO B;0,02%
CHINA EVERBRIGHT BANK H;0,02%
CHINA STATE CONSTRUCTION;0,02%
INDOFOOD CBP SUKSES;0,02%
SRISAWAD CORP;0,02%
S1 CORPORATION;0,02%
MUANGTHAI CAPITAL PUBLIC;0,02%
CHINA EVERBRIGHT A(HK-C);0,02%
BAOZUN ADR;0,02%
HANMI PHARM CO (NEW);0,02%
MALAYSIA AIRPORTS HLDGS;0,02%
WANHUA CHEM GRP A (HK-C);0,02%
HELIXMITH CO;0,02%
KMW CO;0,02%
AGILE GROUP HOLDINGS;0,02%
SHANGHAI PHARMA H;0,02%
GOME RETAIL HOLDINGS;0,02%
ZTE CORP A (HK-C);0,02%
HYUNDAI MARINE & FIRE;0,02%
TATUNG;0,02%
PRESS METAL ALUMINIUM;0,02%
HM SAMPOERNA;0,02%
IJM CORP;0,02%
COLBUN;0,02%
BANK AL-JAZIRA;0,02%
YANZHOU COAL MINING H;0,02%
INDOCEMENT TUNGGAL;0,02%
CJ LOGISTICS CORP;0,02%
BEIJING CPTL INTL AIR H;0,02%
BOC AVIATION;0,02%
LG HOUSEHOLD & HEAL PREF;0,02%
MOTHERSON SUMI SYSTEMS;0,02%
GP INV SURAMERICANA;0,02%
BANDHAN BANK;0,02%
BANK OF PHIL ISLANDS;0,02%
CJ CORP;0,02%
CRRC CORP A (HK-C);0,02%
WENS FOODSTUFF A (HK-C);0,02%
SAIC MOTOR CORP A (HK-C);0,02%
DLF;0,02%
COLGATE-PALMOLIVE INDIA;0,02%
RAND MERCHANT INV HLDGS;0,02%
COPEL PN B;0,02%
ANHUI GUJING DISTILLER B;0,02%
TURKIYE IS BANKASI C;0,02%
MULTIPLAN EMPREENDIM ON;0,02%
CHINA TRAD CHINESE MED;0,02%
AVICHINA IND & TECH H;0,02%
BNK FINANCIAL GROUP;0,02%
AK MEDICAL HOLDINGS;0,02%
INTERGLOBE AVIATION;0,02%
AMMB HOLDINGS;0,02%
KRUNG THAI BANK;0,02%
MOTOR OIL HELLAS;0,02%
CHINA YUHUA EDUCATION;0,02%
FUYAO GLASS IND GRP H;0,02%
S F HOLDING A (HK-C);0,02%
SAUDI INDL INV GROUP;0,02%
MONETA MONEY BANK;0,02%
SABANCI HLDG (HACI OMER);0,02%
CO FOR COOPERATIVE INS;0,02%
CHANGCHUN HIGH A (HK-C);0,02%
CHONGQING ZHIFEI A(HK-C);0,02%
TELEKOM MALAYSIA;0,02%
POLSKA GRUPA ENER;0,02%
BOE TECH GROUP A (HK-C);0,02%
LG CHEM PREF;0,02%
AIR CHINA H;0,02%
HUATAI SEC CO A (HK-C);0,02%
FRASER & NEAVE HLDGS;0,02%
LUZHOU LAOJIAO A (HK-C);0,02%
CHINA UTD NETWK A (HK-C);0,02%
CHINA EAST EDUCATION;0,02%
PICK N PAY STORES;0,02%
JIANGXI COPPER CO H;0,02%
IRB BRASIL RESSEGUROS ON;0,02%
HYUNDAI MOTOR CO PREF;0,02%
VINDA INTL HOLDINGS(CN);0,02%
ADARO ENERGY PT;0,02%
CONTAINER CORP OF INDIA;0,02%
ZOOMLION HEAVY IND H;0,02%
ORANGE POLSKA;0,02%
KUMHO PETRO CHEMICAL CO;0,02%
CERVEZAS;0,02%
HAP SENG CONSOLIDATED;0,02%
SIEMENS INDIA;0,02%
CHINA EDU GRP HLDGS;0,02%
CJ ENM CO;0,02%
HIGHWEALTH CONSTRUCTION;0,02%
DAR AL ARKAN REAL ESTATE;0,02%
CHINA HUARONG AST MGMT H;0,02%
LONGI GREEN ENER A(HK-C);0,02%
EAST MONEY INFO A (HK-C);0,02%
CHINA MOLYBDENUM CO H;0,02%
TURK HAVA YOLLARI;0,02%
YAPI VE KREDI BANKASI;0,02%
BGF RETAIL (NEW);0,02%
BANK OF CHINA A (HK-C);0,02%
ZHEJIANG EXPRESSWAY H;0,02%
POSCO CHEMICAL CO;0,02%
GRUPO CARSO;0,02%
GUOTAI JUNAN SE A (HK-C);0,02%
YONYOU NETWORK A (HK-C);0,02%
ZHENRO PROPERTIES GROUP;0,02%
JOLLIBEE FOODS CORP;0,02%
OSOTSPA;0,02%
NEW HOPE LIUHE A (HK-C);0,02%
DOOSAN BOBCAT;0,02%
IRPC PUBLIC COMPANY;0,02%
BHARAT FORGE;0,02%
BHARTI INFRATEL;0,02%
BRASKEM PN A;0,02%
LIC HOUSING FINANCE;0,02%
KOOLEARN TECHNOLOGY HLDG;0,02%
SHENZHEN INVESTMENT;0,02%
HUYA A ADR;0,02%
INDAH KIAT PULP & PAPER;0,02%
PEARLABYSS;0,02%
KNGBRD LAMNTS HLDG (CN);0,02%
TOTAL ACCESS COMMU;0,02%
BEST INC A ADR;0,02%
CHINA POWER INTL;0,02%
BANK OF SHANGHAI A(HK-C);0,02%
ENTEL;0,02%
BECLE SA DE CV;0,02%
SHANXI XINGHUAC A (HK-C);0,02%
EMAAR MALLS;0,02%
CHEIL WORLDWIDE;0,02%
YUNNAN BAIYAO A (HK-C);0,02%
SAUDI CEMENT;0,02%
SSY GROUP;0,02%
KAISA GROUP HOLDINGS;0,02%
CIELO ON;0,02%
GS RETAIL;0,02%
CHONGQING RURAL COMM H;0,02%
ASSET WORLD CORP;0,02%
MOMENTUM METROPOL HLDGS;0,02%
NH INVESTMENT & SEC;0,02%
CARLSBERG BREWERY;0,02%
HENAN SHUANGHUI A (HK-C);0,02%
WILL SC A (HK-C);0,02%
NATL INDUSTRIALIZATION;0,02%
LUYE PHARMA GROUP;0,02%
MEGACABLE HOLDINGS CPO;0,02%
CHINA RAIL GRP A (HK-C);0,02%
BYD CO A (HK-C);0,02%
KRUNGTHAI CARD;0,02%
EVERGREEN MARINE CORP;0,02%
YPF D ADR;0,02%
CHINA PETRO & CH A(HK-C);0,02%
CHINA RESOURCES PHARMA;0,02%
COSCO SHIPPING PORTS;0,02%
CHINA MERCH SHEK A(HK-C);0,02%
NOAH HOLDINGS ADR;0,02%
PUREGOLD PRICE CLUB;0,02%
STANDARD FOODS CORP;0,02%
TMB BANK;0,02%
HAIER SMART HOME A(HK-C);0,02%
METRO PACIFIC INVESTMENT;0,02%
FORMOSA TAFFETA CO;0,02%
BANK OF BEIJING A (HK-C);0,02%
HUA HONG SC (CN);0,02%
EVA AIRWAYS CORP;0,02%
CENCOSUD SHOPPING;0,02%
MANGO EXCELLENT A (HK-C);0,02%
SANAN OPTOELEC A (HK-C);0,02%
SHENZHEN HUIDING A(HK-C);0,02%
REC;0,02%
DAQIN RAILWAY A (HK-C);0,02%
BOSIDENG INTL HLDGS;0,02%
SHENWAN HONGY A (HK-C);0,02%
RUENTEX DEVELOPMENT CO;0,02%
CHINA RAIL CONST A(HK-C);0,02%
PORTO SEGURO ON;0,02%
EMBOTELLADORA PREF B;0,02%
SINOPEC SHANGHAI PETRO H;0,02%
CHINA MERCH SEC A (HK-C);0,01%
RABIGH REFINING & PETRO;0,01%
SHANDONG GOLD A (HK-C);0,01%
LOTTE SHOPPING CO;0,01%
SAUDI AIRLINES CATERING;0,01%
ABOITIZ POWER;0,01%
HAITONG SEC A (HK-C);0,01%
WINGTECH TECH A (HK-C);0,01%
KOREAN AIR CO;0,01%
BOSCH;0,01%
SHANGHAI LUJIAZUI B(USD);0,01%
MBANK;0,01%
AGUAS ANDINAS;0,01%
YUZHOU PROPERTIES CO;0,01%
CSC FINANCIAL A (HK-C);0,01%
CHINA SHIPB IND A (HK-C);0,01%
WESTPORTS HOLDINGS;0,01%
GIGA DEVICE SC A (HK-C);0,01%
PETROCHINA CO A (HK-C);0,01%
NEW CHINA LIFE A (HK-C);0,01%
CHINA HONGQIAO GROUP;0,01%
EASTERN COMPANY;0,01%
PANOCEAN;0,01%
GUOTAI JUNAN SEC CO H;0,01%
BAOSHAN IRON A (HK-C);0,01%
CHINA SHENHUA A (HK-C);0,01%
SHENZHEN KANGTAI A(HK-C);0,01%
ZHANGZHOU PIENTZ A(HK-C);0,01%
SHANGHAI ELECTRIC GRP H;0,01%
YONGHUI SUPERST A (HK-C);0,01%
HUNDSUN TECH A (HK-C);0,01%
NARI TECHNOLOGY A (HK-C);0,01%
LOTTE HOLDINGS;0,01%
ALUMINUM CORP OF CHINA H;0,01%
HYUNDAI DEPT STORE;0,01%
SINO OCEAN GROUP HOLDING;0,01%
EMAAR ECONOMIC CITY;0,01%
TELECOM ARGENTINA B ADR;0,01%
CHINA STH AIRLINES H;0,01%
DAEWOO SHIPBUILDING;0,01%
SHENZHEN EXPRESSWAY H;0,01%
ACE HARDWARE INDONESIA;0,01%
SOHO CHINA;0,01%
CHINA AIRLINES;0,01%
GT CAPITAL HOLDINGS;0,01%
CHINA RAILWAY SIGNAL COM;0,01%
YTL CORP;0,01%
HONG LEONG FINANCIAL GRP;0,01%
SUNING,COM CO A (HK-C);0,01%
SAMSUNG CARD CO;0,01%
FOXCONN INDL A (HK-C);0,01%
MERITZ SECURITIES CO;0,01%
HUAXIA BANK A (HK-C);0,01%
COSCO SHIPPING HLDGS H;0,01%
LEE & MAN PAPER MFG (CN);0,01%
HENGLI PETROCHEM A(HK-C);0,01%
HANWHA CORP;0,01%
LEGEND HOLDINGS CORP;0,01%
SHANGHAI INDL HOLDINGS;0,01%
UNISPLENDOUR CO A (HK-C);0,01%
WEICHAI POWER A (HK-C);0,01%
GF SECURITIES A (HK-C);0,01%
XINJIANG GOLDWIND SCI H;0,01%
BANK OF NANJING A (HK-C);0,01%
XL AXIATA TBK;0,01%
KOREA GAS CORPORATION;0,01%
MEGAWORLD CORP;0,01%
BAIC MOTOR CORP H;0,01%
FORD OTOMOTIV SANAYI;0,01%
NAURA TECH GRP A (HK-C);0,01%
SHRIRAM TRANSPORT FIN;0,01%
ZIJIN MINING A (HK-C);0,01%
PERUSAHAAN GAS NEGARA;0,01%
INNER MONGOLIA YITAI B;0,01%
CHINA EASTERN AIRLINES H;0,01%
HUALAN BIOLOGIC A (HK-C);0,01%
FOCUS MEDIA A (HK-C);0,01%
GUANGDONG HAID A (HK-C);0,01%
POSCO INTERNATIONAL;0,01%
SHENNAN CIRCUITS A(HK-C);0,01%
COSCO SHIPPING ENERGY H;0,01%
WUHU SANQI A (HK-C);0,01%
GOERTEK A (HK-C);0,01%
SHUI ON LAND (CN);0,01%
ROBINSONS LAND CORP;0,01%
SINOPEC ENG GROUP CO H;0,01%
GENTING PLANTATIONS;0,01%
TCL TECHNOLOGY A (HK-C);0,01%
CHINA LIFE INS A (HK-C);0,01%
FUTURE LAND HLD A (HK-C);0,01%
IFLYTEK CO A (HK-C);0,01%
CHINA REINSURANCE (GRP)H;0,01%
SHANGHAI INTL AI A(HK-C);0,01%
PEPKOR HOLDINGS;0,01%
DAEWOO ENGR & CONSTR;0,01%
BANK OF JIANGSU A (HK-C);0,01%
OTTOGI CORPORATION;0,01%
ANADOLU EFES BIRACILIK;0,01%
CHINA FORTUNE A (HK-C);0,01%
WALVAX BIOTECH A (HK-C);0,01%
EVE ENERGY A (HK-C);0,01%
TAV HAVALIMANLARI HLDG;0,01%
GLODON CO A (HK-C);0,01%
SHENGYI TECH A (HK-C);0,01%
JIANGSU HENGLI A (HK-C);0,01%
ZHEJIANG SANHUA A (HK-C);0,01%
HANGZHOU TIGER A (HK-C);0,01%
HUAYU AUTO SYS A (HK-C);0,01%
LEPU MEDICAL A (HK-C);0,01%
YUNDA HOLDING A (HK-C);0,01%
SHANGHAI FOSUN A (HK-C);0,01%
HITHINK ROYAL A (HK-C);0,01%
CHINA MOLYBDENUM A(HK-C);0,01%
CHINA CONST BK A (HK-C);0,01%
SHENZHEN INOVANC A(HK-C);0,01%
BEIJING ORNT YUH A(HK-C);0,01%
RONGSHENG PETRO A (HK-C);0,01%
GEMDALE CORP A (HK-C);0,01%
SHAANXI COAL IND A(HK-C);0,01%
GUANGZHOU SHIYU A (HK-C);0,01%
FOUNDER SEC A (HK-C);0,01%
PERFECT WORLD A (HK-C);0,01%
INSPUR ELECTRS A (HK-C);0,01%
ANHUI GUJING A (HK-C);0,01%
ORIENT SEC CO A (HK-C);0,01%
ZHEJIANG CENTURY A(HK-C);0,01%
LINGYI ITECH A (HK-C);0,01%
JIANGXI GANFENG A (HK-C);0,01%
ZHEJIANG NHU CO A (HK-C);0,01%
ZHEJIANG CHINT A (HK-C);0,01%
TONGWEI CO A (HK-C);0,01%
OIL & GAS DEVELOPMENT;0,01%
AECC AVIATION A (HK-C);0,01%
BANK OF HANGZHOU A(HK-C);0,01%
CHINA NATL NUCL A (HK-C);0,01%
POWER CONSTR A (HK-C);0,01%
SDIC POWER HLDGS A(HK-C);0,01%
TIANJIN ZHONHUA A (HK-C);0,01%
SANGFOR TECH A(HK-C);0,01%
SHANGHAI M&G A (HK-C);0,01%
JAFRON BIOMED A (HK-C);0,01%
LENS TECHNOLOGY A (HK-C);0,01%
AMOREPAC CORP PREF (NEW);0,01%
ASYMCHEM LAB A (HK-C);0,01%
INNER MONGOL BAO A(HK-C);0,01%
BGI GENOMICS A (HK-C);0,01%
SHENZHEN OVERSEA A(HK-C);0,01%
SONGCHENG PERF A (HK-C);0,01%
ZHEJIANG DAHUA A (HK-C);0,01%
DAWNING INFO A (HK-C);0,01%
NANJING SEC A (HK-C);0,01%
OFFCN EDUCATION A (HK-C);0,01%
AVIC AIRCRAFT A (HK-C);0,01%
YUNNAN ENER NEW A (HK-C);0,01%
SHANGHAI BAOSIG A (HK-C);0,01%
NANJI E COMMERCE A(HK-C);0,01%
MEINIAN ONEHEALT A(HK-C);0,01%
JIANGSU KINGS A (HK-C);0,01%
XCMG CONST MACH A (HK-C);0,01%
YEALINK NETWORK A (HK-C);0,01%
MCB BANK;0,01%
TOPCHOICE MED A (HK-C);0,01%
METALLURGICAL A (HK-C);0,01%
GUOSEN SEC CO A (HK-C);0,01%
TSINGTAO BREWER A (HK-C);0,01%
GREENLAND HLDGS A (HK-C);0,01%
AUTOBIO DIAGNOS A (HK-C);0,01%
EVERBRIGHT SEC A (HK-C);0,01%
CHINA GALAXY SEC A(HK-C);0,01%
UNIGROUP GUOXIN A (HK-C);0,01%
AIR CHINA A (HK-C);0,01%
CHINA STH AIRL A (HK-C);0,01%
WUHAN GUIDE INF A (HK-C);0,01%
JONJEE HI-TECH A (HK-C);0,01%
SDIC CAPITAL CO A (HK-C);0,01%
GUANGZHOU BAIYU A (HK-C);0,01%
EL SEWEDY ELECTRIC CO;0,01%
YIFENG PHARMACY A (HK-C);0,01%
ZOOMLION HEAVY A (HK-C);0,01%
BETTA PHARMA A (HK-C);0,01%
JINKE PPTY GRP A (HK-C);0,01%
WUS PRINTED A (HK-C);0,01%
HABIB BANK;0,01%
JUEWEI FOOD A (HK-C);0,01%
ZHONGJI INNO A(HK-C);0,01%
OFILM GROUP CO A (HK-C);0,01%
SHENZHEN SUNWAY A (HK-C);0,01%
SHANGHAI RAAS A (HK-C);0,01%
CHINA GREATWALL A (HK-C);0,01%
SUZHOU DONGSHAN A (HK-C);0,01%
360 SECURITY A (HK-C);0,01%
ZHEJIANG LONGSH A (HK-C);0,01%
BEIJING TIANTAN A (HK-C);0,01%
BEIJING SHUNXIN A (HK-C);0,01%
CHINA MERCH ENER A(HK-C);0,01%
FUYAO GROUP A (HK-C);0,01%
CHINA NAT'L A (HK-C);0,01%
HUADONG MEDICINE A(HK-C);0,01%
BEIJING SINNET A (HK-C);0,01%
AVIC SHENYANG A (HK-C);0,01%
BEIJING NEW BLDG A(HK-C);0,01%
CHONGQING CHANG A (HK-C);0,01%
SICHUAN CHUANT A (HK-C);0,01%
JIANGXI ZHENGBA A (HK-C);0,01%
INDUSTRIAL SEC A (HK-C);0,01%
CHINA EAST AIR A (HK-C);0,01%
WINNING HEALTH A (HK-C);0,01%
ZHEJIANG HUAHAI A (HK-C);0,01%
AVIC JONHON OPTR A(HK-C);0,01%
TIANFENG SEC A(HK-C);0,01%
CHINA SPACESAT A (HK-C);0,01%
CHINA MERCH PPTY A(HK-C);0,01%
WUXI LEAD INTG A (HK-C);0,01%
TIANSHUI HUATIA A (HK-C);0,01%
SHANGHAI PUTAIL A (HK-C);0,01%
SHANGHAI INTL PO A(HK-C);0,01%
CAITONG SEC A (HK-C);0,01%
GUOXUAN HI TECH A (HK-C);0,01%
PEOPLE'S INS A (HK-C);0,01%
JIANGSU ZHONG TE A(HK-C);0,01%
ZHEJIANG SUPOR A (HK-C);0,01%
ZHEJIANG HUAYOU A (HK-C);0,01%
ALUMINUM CORP A (HK-C);0,01%
NANJING KING A (HK-C);0,01%
CHINA NORTHERN A (HK-C);0,01%
CHINA COMMU CON A (HK-C);0,01%
SHANGHAI ELEC A (HK-C);0,01%
GD POWER DEV CO A (HK-C);0,01%
CHAOZHOU THREE A (HK-C);0,01%
BEIJING ENLIGHT A (HK-C);0,01%
CHANGJIANG SEC A (HK-C);0,01%
VENUSTECH GROUP A (HK-C);0,01%
BEIJING DABEINO A (HK-C);0,01%
DHC SOFTWARE CO A (HK-C);0,01%
WANDA FILM HLDG A (HK-C);0,01%
GUANGZHOU BAI IN A(HK-C);0,01%
AVIC CAPITAL CO A (HK-C);0,01%
BEIJING TONGREN A (HK-C);0,01%
SG MICRO A (HK-C);0,01%
SHANGHAI PHARMA A (HK-C);0,01%
ANGEL YEAST CO A (HK-C);0,01%
RISESUN REAL A (HK-C);0,01%
HUAXIN CEMENT A (HK-C);0,01%
SHENZHEN KAIFA A (HK-C);0,01%
JOINTOWN PHARMA A (HK-C);0,01%
FIBERHOME TELECO A(HK-C);0,01%
OPPEIN HOME GRP A (HK-C);0,01%
ORIENTAL PEARL A (HK-C);0,01%
CHINA TRANSINFO A (HK-C);0,01%
HENGYI PETROCHEM A(HK-C);0,01%
AUTEK CHINA A (HK-C);0,01%
GUANGZHOU KING A (HK-C);0,01%
SHIJIAZHUANG YIL A(HK-C);0,01%
XINJIANG GOLDW A (HK-C);0,01%
SPRING AIRLINES A (HK-C);0,01%
SINOLINK SEC CO A (HK-C);0,00%
ZHONGJIN GOLD A (HK-C);0,00%
HANGZHOU ROBAM A (HK-C);0,00%
TONGHUA DONGBAO A (HK-C);0,00%
ZHEJIANG DINGLI A (HK-C);0,00%
YINTAI GOLD CO A (HK-C);0,00%
FUJIAN SUNNER A (HK-C);0,00%
PROYA COSMETICS A (HK-C);0,00%
TIANQI LITHIUM A (HK-C);0,00%
HENGTONG OPTIC A (HK-C);0,00%
COSCO SHIP HLDG A (HK-C);0,00%
HUANENG POWER A (HK-C);0,00%
JIANGSU YUYUE A (HK-C);0,00%
CHINA JUSHI CO A (HK-C);0,00%
YOUNGOR GROUP A (HK-C);0,00%
WEIHAI GUANGWEI A (HK-C);0,00%
CHANGZHOU XINGYU A(HK-C);0,00%
NANYANG TOPSEC A (HK-C);0,00%
NINESTAR A (HK-C);0,00%
SOOCHOW SEC A (HK-C);0,00%
AISINO CO A (HK-C);0,00%
HEFEI MEIYA OPT A (HK-C);0,00%
ZHEJIANG WOLWO A (HK-C);0,00%
NAVINFO CO A (HK-C);0,00%
G BITS NETWORK A (HK-C);0,00%
NINGBO ZHOUSHAN A (HK-C);0,00%
BY-HEALTH CO A (HK-C);0,00%
JIANGSU ZHONGNAN A(HK-C);0,00%
DONGXING SEC CO A (HK-C);0,00%
JIANGSU SHAGANG A (HK-C);0,00%
SICHUAN KELUN A (HK-C);0,00%
SHANDONG HUALU A (HK-C);0,00%
GUANGZHOU WONDFO A(HK-C);0,00%
QIAQIA FOOD CO A (HK-C);0,00%
CHONGQING BREW A (HK-C);0,00%
AVIC ELECMECH A (HK-C);0,00%
TIANMA MICROELE A (HK-C);0,00%
BANK OF CHENGDU A (HK-C);0,00%
ZHEJIANG JINGSH A (HK-C);0,00%
ANHUI KOUZI A (HK-C);0,00%
WESTERN SEC CO A (HK-C);0,00%
CHINA CITIC BK A (HK-C);0,00%
ZHESHANG SEC A (HK-C);0,00%
LOMON BILLIONS A (HK-C);0,00%
CHONGQING FULIN A (HK-C);0,00%
STO EXPRESS A (HK-C);0,00%
GIANT NETWORK A (HK-C);0,00%
GUANGZHOU HAIGE A (HK-C);0,00%
GRG BANKING EQUI A(HK-C);0,00%
TONGFU MICROELEC A(HK-C);0,00%
CHINA NATL CHEM A (HK-C);0,00%
SHANGHAI CONST A (HK-C);0,00%
LEO GROUP CO A (HK-C);0,00%
JINYU BIO TECH A (HK-C);0,00%
CHINA GEZHOUBA A (HK-C);0,00%
HAINAN AIRLINES A (HK-C);0,00%
GUOYUAN SEC CO A (HK-C);0,00%
UNIVERSAL SCIEN A (HK-C);0,00%
HUAXI SECURITIES A(HK-C);0,00%
TOLY BREAD A (HK-C);0,00%
SUNSHINE CITY A (HK-C);0,00%
CHINA RES SANJIU A(HK-C);0,00%
HEILONGJIANG AGR A(HK-C);0,00%
JIANGSU YANGNONG A(HK-C);0,00%
ZHENGZHOU YUTON A (HK-C);0,00%
JIANGXI COPPER A (HK-C);0,00%
HUAAN SECURITIES A(HK-C);0,00%
C&S PAPER A (HK-C);0,00%
BEIJING SHIJI A (HK-C);0,00%
SHANDONG BUCHAN A (HK-C);0,00%
SH YUYUAN TOURI A (HK-C);0,00%
SHENERGY CO A (HK-C);0,00%
CHENGDU KANGHON A (HK-C);0,00%
BBMG CORP A (HK-C);0,00%
BEIJING E-HUALU A (HK-C);0,00%
SHANGHAI JAHWA A (HK-C);0,00%
JOINCARE PHARMA A (HK-C);0,00%
SHANXI MEIJIN A (HK-C);0,00%
BEIJING KUNLUN A (HK-C);0,00%
CHINA GRAND AUTO A(HK-C);0,00%
TEBIAN ELEC APP A (HK-C);0,00%
NINGBO JOYSON A (HK-C);0,00%
XINHU ZHONGBAO A (HK-C);0,00%
ZHANGJIANG HI A (HK-C);0,00%
LIAONING CHENG A (HK-C);0,00%
HONGFA TECH A (HK-C);0,00%
BEIJING ORIGNWTR A(HK-C);0,00%
FANGDA CARBON A (HK-C);0,00%
SOUTHWEST SEC A (HK-C);0,00%
NINGBO TUOPU A (HK-C);0,00%
YANTAI JEREH OIL A(HK-C);0,00%
CHINA GREAT SEC A (HK-C);0,00%
XIAMEN C&D A (HK-C);0,00%
LIVZON PHARMA A (HK-C);0,00%
BANK OF GUIYANG A (HK-C);0,00%
JOYOUNG A (HK-C);0,00%
DONGFANG ELECTR A (HK-C);0,00%
HUADIAN POWER A (HK-C);0,00%
SICHUAN SWELLF A (HK-C);0,00%
YIFAN PHARMA CO A (HK-C);0,00%
AVIC HELICOPTER A (HK-C);0,00%
FIRST CAPITAL A (HK-C);0,00%
HUBEI BIOCAUSE A (HK-C);0,00%
CHINA NATL MED A (HK-C);0,00%
SHANDONG NANSHAN A(HK-C);0,00%
SUNWODA ELECTRS A (HK-C);0,00%
QINGDAO RURAL A (HK-C);0,00%
WUXI TAIJI INDUS A(HK-C);0,00%
GUANGDONG HONGDA A(HK-C);0,00%
TANGSHAN JIDONG A (HK-C);0,00%
WUHU TOKEN SCI A (HK-C);0,00%
THUNDER SOFTW A (HK-C);0,00%
LAOBAIXING PHAR A (HK-C);0,00%
ADDSINO CO A (HK-C);0,00%
SHANDONG SINOC A (HK-C);0,00%
WONDERS INFO CO A (HK-C);0,00%
SEALAND SEC A (HK-C);0,00%
HUNAN VALIN A (HK-C);0,00%
SUOFEIYA HOME A (HK-C);0,00%
SHANDONG LINGLO A (HK-C);0,00%
LUENMEI QUANTUM A (HK-C);0,00%
COSCO SHIP ENER A (HK-C);0,00%
TONGKUN GROUP A (HK-C);0,00%
MATERIALS IND A (HK-C);0,00%
SHANGHAI JIN HTL A(HK-C);0,00%
DONG E E JIAO A (HK-C);0,00%
SHENZHEN HEPALIN A(HK-C);0,00%
TIANJIN 712 COMM A(HK-C);0,00%
XIAMEN INTRETECH A(HK-C);0,00%
SHANDONG SUN A (HK-C);0,00%
TASLY PHARMA A (HK-C);0,00%
APELOA PHARMA A (HK-C);0,00%
BEIJING THUN A (HK-C);0,00%
PACIFIC SEC A (HK-C);0,00%
ZHONGTIAN FINL A (HK-C);0,00%
SUZHOU GOLD MAN A (HK-C);0,00%
SINOPEC SHANGHAI A(HK-C);0,00%
YUAN LONGPING A (HK-C);0,00%
HESTEEL CO A (HK-C);0,00%
SHENZHEN GREEN A (HK-C);0,00%
INNER MONGOL JUN A(HK-C);0,00%
SHENZHEN SALUBR A (HK-C);0,00%
YANZHOU COAL A (HK-C);0,00%
CHINA FILM CO A (HK-C);0,00%
CHINA RAIL HI TE A(HK-C);0,00%
SIASUN ROBOT A (HK-C);0,00%
GUOCHENG MINING A (HK-C);0,00%
OFFSHORE OIL A (HK-C);0,00%
HUAGONG TECH A (HK-C);0,00%
SHANXI SEC CO A (HK-C);0,00%
TONGLING NONFER A (HK-C);0,00%
JIANGSU CHANGS A (HK-C);0,00%
FUJIAN STAR NET A (HK-C);0,00%
FINANCE STREET A (HK-C);0,00%
BOHAI LEASING CO A(HK-C);0,00%
SHANGHAI TUNNEL A (HK-C);0,00%
CHINA AVIONICS A (HK-C);0,00%
WANGSU SCIENCE A (HK-C);0,00%
ACCELINK TECH A (HK-C);0,00%
NORTHEAST SEC A (HK-C);0,00%
GUANGDONG HEC A (HK-C);0,00%
SHANGHAI ELECT A (HK-C);0,00%
CHINA STH PUBL A (HK-C);0,00%
HANGZHOU SILAN A (HK-C);0,00%
ZJ WEIXING NEW A (HK-C);0,00%
SHANXI TAIGANG A (HK-C);0,00%
TRANSFAR ZHILIA A (HK-C);0,00%
ZHEJIANG JUHUA A (HK-C);0,00%
BEIJING YANJING A (HK-C);0,00%
SHENZHEN ENERGY A (HK-C);0,00%
HUBEI JUMPCAN A (HK-C);0,00%
HEILAN HOME A (HK-C);0,00%
GUANGHUI ENER A (HK-C);0,00%
AEROSPACE TIMES A (HK-C);0,00%
JILIN AODONG MED A(HK-C);0,00%
YOUZU INTERACTV A (HK-C);0,00%
VISIONOX TECH A (HK-C);0,00%
WESTONE INFO IND A(HK-C);0,00%
DA AN GENE CO A (HK-C);0,00%
BAIC BLUEPARK A (HK-C);0,00%
XIAMEN TUNGSTEN A (HK-C);0,00%
NEWLAND DIGITAL A (HK-C);0,00%
INNER MONGOL FIR A(HK-C);0,00%
BTG HOTELS GRP A (HK-C);0,00%
PANGANG GRP A (HK-C);0,00%
CHINA ENT A (HK-C);0,00%
SANSTEEL MINGUA A (HK-C);0,00%
SHANGHAI 2345 A (HK-C);0,00%
SHANXI LUAN ENV A (HK-C);0,00%
WEIFU HIGH-TECH A (HK-C);0,00%
ZHEJIANG SEMIR A (HK-C);0,00%
SHENZHEN AIRPORT A(HK-C);0,00%
JINDUICHENG MOL A (HK-C);0,00%
BEIJING CPTL DEV A(HK-C);0,00%
HOLITECH TECH A (HK-C);0,00%
CHINESE UNIVER A (HK-C);0,00%
MAANSHAN IRON A (HK-C);0,00%
SICHUAN LANGUAN A (HK-C);0,00%
CENTRE TESTING A (HK-C);0,00%
DONGXU OPTOELEC A (HK-C);0,00%
HUBEI ENERGY A (HK-C);0,00%
AECC AERO ENGN A (HK-C);0,00%
OCEANWIDE HLDGS A (HK-C);0,00%
JUNEYAO AIRLINES A(HK-C);0,00%
TIANJIN CHASE A (HK-C);0,00%
SHANXI XISHAN A (HK-C);0,00%
SHENZHEN KINGDOM A(HK-C);0,00%
CHINA NATL ACCOR A(HK-C);0,00%
LEYARD OPTOELEC A (HK-C);0,00%
INNER MONGOL MEN A(HK-C);0,00%
COSCO SHIP DEV A (HK-C);0,00%
CHINA MEHECO A (HK-C);0,00%
SINOTRANS A (HK-C);0,00%
ZHEJIANG CONBA A (HK-C);0,00%
ZHEJIANG WANFENG A(HK-C);0,00%
GRANDJOY HLDGS A (HK-C);0,00%
CHENGDU XINGRONG A(HK-C);0,00%
KAILE TECHNOLOGY A(HK-C);0,00%
GCL SYS INTGR A (HK-C);0,00%
ANGANG STEEL CO A (HK-C);0,00%
