APPLE;3,43%
MICROSOFT CORP;3,22%
AMAZON.COM;2,55%
FACEBOOK A;1,36%
ALPHABET C;1,07%
ALPHABET A;1,05%
JOHNSON & JOHNSON;0,94%
VISA A;0,81%
NESTLE;0,78%
JPMORGAN CHASE & CO;0,74%
UNITEDHEALTH GROUP;0,71%
PROCTER & GAMBLE CO;0,70%
HOME DEPOT;0,66%
MASTERCARD A;0,66%
INTEL CORP;0,64%
BERKSHIRE HATHAWAY B;0,62%
ROCHE HOLDING GENUSS;0,59%
VERIZON COMMUNICATIONS;0,56%
AT&T;0,54%
NVIDIA;0,52%
DISNEY (WALT);0,52%
MERCK & CO;0,49%
CISCO SYSTEMS;0,48%
PFIZER;0,48%
EXXON MOBIL CORP;0,48%
BANK OF AMERICA CORP;0,47%
COCA COLA (THE);0,47%
ADOBE;0,46%
NETFLIX;0,45%
NOVARTIS;0,45%
PEPSICO;0,45%
COMCAST CORP A (NEW);0,44%
WALMART;0,43%
CHEVRON CORP;0,42%
PAYPAL HOLDINGS;0,42%
ABBOTT LABORATORIES;0,40%
ABBVIE;0,39%
SALESFORCE.COM;0,36%
ASTRAZENECA;0,35%
MCDONALD'S CORP;0,34%
THERMO FISHER SCIENTIFIC;0,34%
ASML HLDG;0,34%
COSTCO WHOLESALE CORP;0,33%
BRISTOL-MYERS SQUIBB CO;0,33%
AMGEN;0,33%
TOYOTA MOTOR CORP;0,32%
TESLA;0,32%
SAP;0,32%
LILLY (ELI) & COMPANY;0,32%
MEDTRONIC PLC;0,32%
ACCENTURE A;0,31%
NEXTERA ENERGY;0,30%
NIKE B;0,30%
ORACLE CORP;0,29%
LVMH MOET HENNESSY;0,29%
AMERICAN TOWER CORP;0,28%
UNION PACIFIC CORP;0,28%
BROADCOM;0,28%
NOVO NORDISK B;0,28%
PHILIP MORRIS INTL;0,28%
SANOFI;0,27%
IBM CORP;0,27%
TEXAS INSTRUMENTS;0,27%
LINDE (NEW);0,27%
WELLS FARGO & CO;0,26%
HONEYWELL INTERNATIONAL;0,25%
CITIGROUP;0,25%
GLAXOSMITHKLINE;0,25%
DANAHER CORP;0,25%
AIA GROUP;0,25%
LOWE'S COS;0,24%
LOCKHEED MARTIN CORP;0,24%
RAYTHEON TECHNOLOGIES;0,24%
HSBC HOLDINGS (GB);0,23%
ROYAL BANK OF CANADA;0,23%
TOTAL;0,23%
GILEAD SCIENCES;0,23%
BRITISH AMERICAN TOBACCO;0,22%
STARBUCKS CORP;0,22%
QUALCOMM;0,22%
3M CO;0,22%
CSL;0,21%
CVS HEALTH;0,21%
FIDELITY NATL INFO SVCS;0,21%
SIEMENS;0,20%
DIAGEO;0,20%
SONY CORP;0,20%
BLACKROCK A;0,20%
BOEING CO;0,20%
TORONTO-DOMINION BANK;0,19%
S&P GLOBAL;0,19%
CHARTER COMM A (NEW);0,19%
SHOPIFY A;0,19%
BP;0,19%
COMMONWEALTH BANK OF AUS;0,19%
UNILEVER NV (NL);0,18%
ALLIANZ;0,18%
INTUIT;0,18%
KEYENCE CORP;0,18%
MONDELEZ INTERNATIONAL A;0,18%
VERTEX PHARMACEUTICALS;0,18%
CIGNA CORP;0,18%
ANTHEM;0,18%
SOFTBANK GROUP CORP;0,18%
ALTRIA GROUP;0,18%
SERVICENOW;0,18%
L'OREAL;0,18%
CROWN CASTLE INTL CORP;0,18%
DOMINION ENERGY;0,18%
BHP GROUP (AU);0,17%
UNITED PARCEL SERVICE B;0,17%
PROLOGIS;0,17%
BOOKING HOLDINGS;0,17%
INTUITIVE SURGICAL;0,16%
ENBRIDGE;0,16%
STRYKER CORP;0,16%
AMERICAN EXPRESS;0,16%
BAYER;0,16%
BECTON DICKINSON;0,16%
ROYAL DUTCH SHELL A;0,16%
CATERPILLAR;0,16%
ZOETIS A;0,16%
GOLDMAN SACHS GROUP;0,16%
CME GROUP;0,16%
AIR LIQUIDE;0,16%
TJX COMPANIES;0,16%
DUKE ENERGY CORP;0,16%
ENEL;0,15%
UNILEVER PLC (GB);0,15%
FISERV;0,15%
AUTOMATIC DATA PROCESS;0,15%
RECKITT BENCKISER GROUP;0,15%
IBERDROLA;0,15%
ADVANCED MICRO DEVICES;0,15%
CANADIAN NATL RAILWAY;0,15%
RIO TINTO PLC (GB);0,15%
SOUTHERN COMPANY (THE);0,15%
EQUINIX;0,15%
TARGET CORP;0,15%
REGENERON PHARMACEUTICAL;0,15%
TAKEDA PHARMACEUTICAL;0,15%
GENERAL ELECTRIC CO;0,14%
COLGATE-PALMOLIVE;0,14%
ROYAL DUTCH SHELL B;0,14%
ACTIVISION BLIZZARD;0,14%
SCHNEIDER ELECTRIC;0,13%
CSX CORP;0,13%
ILLINOIS TOOL WORKS;0,13%
GLOBAL PAYMENTS;0,13%
ECOLAB;0,13%
CHUBB;0,13%
INTERCONTINENTAL EXCH;0,13%
MARSH & MCLENNAN COS;0,13%
ILLUMINA;0,13%
MORGAN STANLEY;0,13%
AIR PRODUCTS & CHEMICALS;0,13%
HUMANA;0,13%
NORTHROP GRUMMAN CORP;0,13%
DEUTSCHE TELEKOM;0,13%
BIOGEN;0,13%
BOSTON SCIENTIFIC CORP;0,13%
MICRON TECHNOLOGY;0,13%
APPLIED MATERIALS;0,12%
TRUIST FINANCIAL CORP;0,12%
ADIDAS;0,12%
US BANCORP;0,12%
DAIICHI SANKYO CO;0,12%
BANK NOVA SCOTIA;0,12%
BASF;0,12%
MITSUBISHI UFJ FIN GRP;0,12%
PNC FINL SERVICES GROUP;0,12%
NEWMONT CORP;0,12%
DOLLAR GENERAL CORP;0,12%
KDDI;0,12%
SHERWIN-WILLIAMS CO;0,12%
KIMBERLY-CLARK CORP;0,12%
AUTODESK;0,12%
ZURICH INSURANCE GROUP;0,12%
VINCI;0,12%
CONOCOPHILLIPS;0,11%
MOODY'S CORP;0,11%
EDWARDS LIFESCIENCES;0,11%
NINTENDO CO;0,11%
BAXTER INTERNATIONAL;0,11%
NORFOLK SOUTHERN CORP;0,11%
PROGRESSIVE CORP;0,11%
RELX (GB);0,11%
AON PLC A;0,11%
VODAFONE GROUP;0,11%
WASTE MANAGEMENT;0,11%
ESTEE LAUDER COS A;0,11%
DEERE & CO;0,11%
RECRUIT HOLDINGS CO;0,11%
BARRICK GOLD CORP;0,11%
HONGKONG EXCH & CLEARING;0,11%
L3HARRIS TECHNOLOGIES;0,11%
T-MOBILE US;0,10%
DANONE;0,10%
AMERICAN ELECTRIC POWER;0,10%
WESTPAC BANKING;0,10%
HONDA MOTOR CO;0,10%
SCHWAB (CHARLES) CORP;0,10%
BROOKFIELD ASSET MAN A;0,10%
BHP GROUP (GB);0,10%
TC ENERGY CORPORATION;0,10%
BNP PARIBAS;0,10%
ANALOG DEVICES;0,10%
SHIN-ETSU CHEMICAL CO;0,10%
PROSUS N;0,10%
ROPER TECHNOLOGIES;0,10%
KONINKLIJKE PHILIPS;0,10%
NATIONAL GRID;0,10%
KERING;0,10%
KAO CORP;0,10%
LAM RESEARCH CORP;0,10%
UBS GROUP;0,10%
NATIONAL AUSTRALIA BANK;0,09%
AIRBUS;0,09%
CENTENE CORP;0,09%
BLACKSTONE GROUP A;0,09%
GENERAL MILLS;0,09%
BANCO SANTANDER;0,09%
LULULEMON ATHLETICA;0,09%
EXELON CORP;0,09%
MERCADOLIBRE;0,09%
SEMPRA ENERGY;0,09%
DUPONT DE NEMOURS;0,09%
SUMITOMO MITSUI FINL GRP;0,09%
DIGITAL REALTY TRUST;0,09%
ESSILORLUXOTTICA;0,09%
ANHEUSER-BUSCH INBEV;0,09%
EMERSON ELECTRIC CO;0,09%
DAIKIN INDUSTRIES;0,09%
LONZA GROUP;0,09%
GENERAL DYNAMICS CORP;0,09%
ABB LTD;0,09%
HOYA CORP;0,09%
EBAY;0,09%
ELECTRONIC ARTS;0,09%
SBA COMMUNICATIONS A;0,09%
AXA;0,09%
PRUDENTIAL;0,09%
EATON CORP PLC;0,09%
ROSS STORES;0,08%
ANZ BANKING GROUP;0,08%
DEXCOM;0,08%
GENERAL MOTORS;0,08%
PHILLIPS 66;0,08%
FANUC;0,08%
XCEL ENERGY;0,08%
ASTELLAS PHARMA;0,08%
UBER TECHNOLOGIES;0,08%
CP RAILWAY;0,08%
FAST RETAILING CO;0,08%
PERNOD RICARD;0,08%
GIVAUDAN;0,08%
MURATA MANUFACTURING CO;0,08%
CHUGAI PHARMACEUTICAL CO;0,08%
MUENCHENER RUECKVERSICH;0,08%
WALGREENS BOOTS ALLIANCE;0,08%
BANK MONTREAL;0,08%
PUBLIC STORAGE;0,08%
HITACHI;0,08%
NTT DOCOMO;0,08%
FEDEX CORP;0,08%
KINDER MORGAN P;0,08%
LONDON STOCK EXCHANGE;0,08%
EXPERIAN;0,08%
DAIMLER;0,08%
ALCON;0,08%
CAPITAL ONE FINANCIAL;0,08%
SAFRAN;0,08%
ALLSTATE CORP;0,08%
DEUTSCHE BOERSE;0,08%
WESFARMERS;0,08%
O'REILLY AUTOMOTIVE;0,08%
MITSUBISHI CORP;0,08%
TOKYO ELECTRON;0,08%
DEUTSCHE POST;0,08%
INDITEX;0,07%
FIN RICHEMONT NAMEN A;0,07%
BANK NEW YORK MELLON;0,07%
WOOLWORTHS GROUP;0,07%
EOG RESOURCES;0,07%
SMC CORP;0,07%
MIZUHO FINANCIAL GROUP;0,07%
WORKDAY A;0,07%
VONOVIA;0,07%
CANADIAN IMPERIAL BANK;0,07%
HCA HOLDINGS;0,07%
WEC ENERGY GROUP;0,07%
SQUARE;0,07%
NTT CORP;0,07%
MONSTER BEVERAGE;0,07%
ITOCHU CORP;0,07%
AMPHENOL CORP;0,07%
SPLUNK;0,07%
CONSTELLATION BRANDS A;0,07%
COGNIZANT TECH SOLUTIONS;0,07%
VEEVA SYSTEMS A;0,07%
ORIENTAL LAND CO;0,07%
IQVIA HOLDINGS;0,07%
PRICE (T, ROWE) GROUP;0,07%
DOW;0,07%
MSCI;0,07%
TESCO;0,07%
METLIFE;0,07%
TE CONNECTIVITY;0,07%
EVERSOURCE ENERGY;0,07%
AHOLD DELHAIZE;0,07%
NIDEC CORP;0,07%
AGILENT TECHNOLOGIES;0,07%
TRAVELERS COS (THE);0,07%
NXP SEMICONDUCTORS (US);0,07%
CHIPOTLE MEXICAN GRILL A;0,07%
SYSCO CORP;0,07%
KLA CORPORATION;0,07%
SYNOPSYS;0,07%
TOKIO MARINE HOLDINGS;0,07%
VOLKSWAGEN VORZUG;0,07%
VALERO ENERGY CORP;0,07%
YUM BRANDS;0,07%
LLOYDS BANKING GROUP;0,07%
ERICSSON (LM) B;0,07%
ATLAS COPCO A;0,07%
AUTOZONE;0,07%
ALIMENTATION COUCHE B;0,07%
SUNCOR ENERGY;0,07%
TRANSURBAN GROUP;0,07%
AMERICAN INTL GROUP;0,06%
IDEXX LABORATORIES;0,06%
COMPASS GROUP;0,06%
IHS MARKIT;0,06%
ZIMMER BIOMET HOLDINGS;0,06%
PUBLIC SERVICE ENT GRP;0,06%
FRANCO-NEVADA CORP;0,06%
ALEXION PHARMACEUTICALS;0,06%
HERMES INTERNATIONAL;0,06%
INFINEON TECHNOLOGIES;0,06%
VERISK ANALYTICS A;0,06%
INTESA SANPAOLO;0,06%
MARRIOTT INTERNATIONAL A;0,06%
BARCLAYS;0,06%
WILLIS TOWERS WATSON;0,06%
ANGLO AMERICAN;0,06%
KROGER CO;0,06%
CRH;0,06%
ING GROEP;0,06%
SEVEN & I HOLDINGS CO;0,06%
MCKESSON CORP;0,06%
CADENCE DESIGN SYSTEMS;0,06%
SCHLUMBERGER;0,06%
COSTAR GROUP;0,06%
CLOROX CO;0,06%
CUMMINS;0,06%
TERUMO CORP;0,06%
AFLAC;0,06%
PACCAR;0,06%
MITSUI & CO;0,06%
SHISEIDO CO;0,06%
MACQUARIE GROUP;0,06%
DOCUSIGN;0,06%
DBS GROUP HOLDINGS;0,06%
CONSOLIDATED EDISON;0,06%
TWITTER;0,06%
ROCKWELL AUTOMATION;0,06%
WASTE CONNECTIONS;0,06%
WILLIAMS COS;0,06%
MANULIFE FINANCIAL CORP;0,06%
ANSYS;0,06%
ORANGE;0,06%
RIO TINTO LTD (AU);0,06%
CENTRAL JAPAN RAILWAY CO;0,06%
PPG INDUSTRIES;0,06%
INVESTOR B;0,06%
SOFTBANK CORP;0,06%
SIKA;0,06%
JOHNSON CONTROLS (NEW);0,06%
HEINEKEN NV;0,06%
PRUDENTIAL FINANCIAL;0,06%
MITSUBISHI ELECTRIC CORP;0,06%
ADYEN NV;0,06%
JAPAN TOBACCO;0,06%
E, ON;0,06%
PALO ALTO NETWORKS;0,06%
MOTOROLA SOLUTIONS;0,06%
MARATHON PETROLEUM;0,06%
ENI;0,06%
TWILIO A;0,06%
PARKER HANNIFIN CORP;0,06%
NOKIA CORP;0,06%
FASTENAL CO;0,06%
RESMED;0,06%
EAST JAPAN RAILWAY CO;0,06%
OKTA;0,06%
PAYCHEX;0,06%
BALL CORP;0,06%
AMERICAN WATER WORKS CO;0,06%
FIRSTENERGY CORP;0,06%
AMADEUS IT GROUP A;0,06%
KONE B;0,06%
VERISIGN;0,06%
MICROCHIP TECHNOLOGY;0,06%
TELEFONICA;0,06%
FORD MOTOR CO;0,06%
DOLLAR TREE;0,06%
EQUITY RESIDENTIAL;0,06%
HILTON WORLDWIDE HLDGS;0,06%
CERNER CORP;0,06%
XILINX;0,06%
AVALONBAY COMMUNITIES;0,05%
CONSTELLATION SOFTWARE;0,05%
NORDEA BANK;0,05%
TRANSDIGM GROUP INC;0,05%
DSV PANALPINA;0,05%
CANADIAN NAT RESOURCES;0,05%
ORSTED;0,05%
OTIS WORLDWIDE;0,05%
CREDIT SUISSE;0,05%
CINTAS CORP;0,05%
MARVELL TECHNOLOGY GROUP;0,05%
ZOOM VIDEO COMM A;0,05%
KONINKLIJKE DSM;0,05%
STATE STREET CORP;0,05%
DASSAULT SYSTEMES;0,05%
IAC/INTERACTIVECORP A;0,05%
VOLVO B;0,05%
PPL CORP;0,05%
MCCORMICK & CO NV;0,05%
WELLTOWER INC;0,05%
ARCHER-DANIELS-MIDLAND;0,05%
HP;0,05%
ENGIE;0,05%
LAFARGEHOLCIM;0,05%
TRANE TECHNOLOGIES;0,05%
EDISON INTERNATIONAL;0,05%
FERRARI (IT);0,05%
FUJITSU;0,05%
BBVA;0,05%
FORTINET;0,05%
WOLTERS KLUWER;0,05%
AMETEK;0,05%
FLEETCOR TECHNOLOGIES;0,05%
DTE ENERGY;0,05%
SUN LIFE FINANCIAL;0,05%
CANON INC;0,05%
ENTERGY CORP;0,05%
ASSA ABLOY B;0,05%
KRAFT HEINZ CO;0,05%
OLYMPUS CORP;0,05%
OCBC BANK;0,05%
VESTAS WIND SYSTEMS;0,05%
SKYWORKS SOLUTIONS;0,05%
BROWN-FORMAN CORP B;0,05%
HERSHEY CO (THE);0,05%
RING CENTRAL A;0,05%
FRESENIUS;0,05%
CORTEVA;0,05%
KEYSIGHT TECHNOLOGIES;0,05%
GENMAB;0,05%
SWISS RE;0,05%
COLOPLAST B;0,05%
NUTRIEN;0,05%
BAE SYSTEMS;0,05%
ESSITY B;0,05%
EISAI CO;0,05%
MARKETAXESS HLDGS;0,05%
PANASONIC CORP;0,05%
GLENCORE;0,05%
APTIV PLC;0,05%
WHEATON PRECIOUS METALS;0,05%
VF CORP;0,05%
KERRY GROUP A;0,05%
BMW STAMM;0,05%
RWE STAMM;0,05%
METTLER TOLEDO INTL;0,05%
BIOMARIN PHARMACEUTICAL;0,05%
STANLEY BLACK & DECKER;0,05%
SEATTLE GENETICS;0,05%
VIVENDI;0,05%
HORTON (DR);0,05%
MITSUBISHI ESTATE CO;0,05%
REPUBLIC SERVICES;0,05%
ALEXANDRIA REAL ESTATE;0,05%
SIMON PROPERTY GROUP;0,05%
SANDVIK;0,05%
REALTY INCOME CORP;0,05%
COPART;0,05%
FORTIVE;0,05%
EQUIFAX;0,05%
ALIGN TECHNOLOGY;0,05%
INCYTE CORP;0,05%
UNICREDIT;0,05%
FIRST REPUBLIC BANK;0,05%
CHURCH & DWIGHT CO;0,05%
TYSON FOODS A;0,04%
FLUTTER ENTERTAINMENT;0,04%
SECOM CO;0,04%
AMEREN CORPORATION;0,04%
SMITH & NEPHEW;0,04%
LEGRAND;0,04%
FORTIS;0,04%
MITSUI FUDOSAN CO;0,04%
BEST BUY CO;0,04%
GEBERIT;0,04%
FERGUSON;0,04%
FRESENIUS MEDICAL CARE;0,04%
CARRIER GLOBAL;0,04%
KOMATSU;0,04%
M3;0,04%
GALLAGHER (ARTHUR J,);0,04%
AMERIPRISE FINANCIAL;0,04%
IMPERIAL BRANDS;0,04%
KYOCERA CORP;0,04%
ORIX CORP;0,04%
MICHELIN;0,04%
HONGKONG CHINA GAS;0,04%
BRIDGESTONE CORP;0,04%
LYONDELLBASELL INDS A;0,04%
CORNING;0,04%
NEWCREST MINING;0,04%
LABORATORY CORP OF AMER;0,04%
OTSUKA HOLDINGS CO;0,04%
GOODMAN GROUP;0,04%
AKAMAI TECHNOLOGIES;0,04%
SAMPO A;0,04%
KIRIN HOLDINGS CO;0,04%
SNAP A;0,04%
CITRIX SYSTEMS;0,04%
FORTESCUE METALS GROUP;0,04%
KELLOGG CO;0,04%
CK HUTCHISON HOLDINGS;0,04%
TELEFLEX;0,04%
MODERNA;0,04%
CONAGRA BRANDS;0,04%
NESTE CORPORATION;0,04%
LAS VEGAS SANDS CORP;0,04%
SAINT-GOBAIN;0,04%
CMS ENERGY CORP;0,04%
AKZO NOBEL;0,04%
FUJI FILM HOLDINGS CO;0,04%
CAPGEMINI;0,04%
CLP HOLDINGS;0,04%
UNITED OVERSEAS BANK;0,04%
LENNAR CORP A;0,04%
DENSO CORP;0,04%
TRANSUNION;0,04%
DEUTSCHE BANK;0,04%
LINK REIT;0,04%
ESSEX PROPERTY TRUST;0,04%
AMCOR;0,04%
SSE;0,04%
OLD DOMINION FREIGHT;0,04%
NORTHERN TRUST CORP;0,04%
CDW CORP;0,04%
CARDINAL HEALTH;0,04%
HENKEL VORZUG;0,04%
SUN HUNG KAI PROPERTIES;0,04%
STMICROELECTRONICS;0,04%
QUEST DIAGNOSTICS;0,04%
ASSICURAZIONI GENERALI;0,04%
RESTAURANT BRANDS INT;0,04%
ONEOK;0,04%
WEYERHAEUSER CO;0,04%
WEST PHARMACEUTICAL SVCS;0,04%
UPM-KYMMENE;0,04%
COUPA SOFTWARE;0,04%
MAXIM INTEGRATED PRDCTS;0,04%
HEXAGON B;0,04%
SHIONOGI & CO;0,04%
COOPER COMPANIES (THE);0,04%
CGI A;0,04%
PARTNERS GROUP HOLDING;0,04%
TAKE-TWO INTERACTIVE SOF;0,04%
LEGAL & GENERAL GROUP;0,04%
PIONEER NATURAL RES;0,04%
DISCOVER FINANCIAL;0,04%
DEUTSCHE WOHNEN;0,04%
GALAXY ENTERTAINMENT GRP;0,04%
PAYCOM SOFTWARE;0,04%
AGNICO EAGLE MINES;0,04%
UNI-CHARM CORP;0,04%
INVITATION HOMES;0,04%
NATIONAL BANK OF CANADA;0,04%
ALNYLAM PHARMACEUTICALS;0,04%
SVENSKA HANDELSBK A;0,04%
MERCK KGAA STAMM;0,04%
DOMINOS PIZZA;0,04%
NITORI HOLDINGS CO;0,04%
TYLER TECHNOLOGIES;0,04%
CBRE GROUP;0,04%
CARMAX;0,04%
ASAHI GROUP HOLDINGS;0,04%
AMERISOURCEBERGEN;0,04%
EQUINOR;0,04%
ROGERS COMMUNICATIONS B;0,04%
WOODSIDE PETROLEUM;0,04%
SINGAPORE TELECOM;0,04%
LIBERTY BROADBAND C;0,04%
SKAND,ENSKILDA BANKEN A;0,04%
CK ASSET HOLDINGS;0,04%
AEON CO;0,04%
TELEPERFORMANCE;0,04%
KUBOTA CORP;0,04%
TRACTOR SUPPLY CO;0,04%
HORMEL FOODS CORP;0,03%
KANSAS CITY SOUTHERN;0,03%
EVERGY;0,03%
TEVA PHARMA IND ADR;0,03%
ZEBRA TECHNOLOGIES A;0,03%
LEIDOS HOLDINGS;0,03%
VULCAN MATERIALS CO;0,03%
SGS;0,03%
KKR & CO A;0,03%
M & T BANK CORP;0,03%
SUMITOMO CORP;0,03%
CELLNEX TELECOM;0,03%
DOVER CORP;0,03%
SYMRISE;0,03%
ATLAS COPCO B;0,03%
FIFTH THIRD BANCORP;0,03%
STERIS;0,03%
BROADRIDGE FINANCIAL;0,03%
HOLOGIC;0,03%
DAIWA HOUSE INDUSTRY;0,03%
COLES;0,03%
TIFFANY & CO;0,03%
GRAINGER (WW);0,03%
PEMBINA PIPELINE;0,03%
HARTFORD FINANCIAL SVCS;0,03%
NOMURA HOLDINGS;0,03%
HENRY (JACK) & ASSOCIATE;0,03%
CARLSBERG B;0,03%
SHIMANO;0,03%
DAI ICHI LIFE HOLDINGS;0,03%
NASDAQ;0,03%
ASHTEAD GROUP;0,03%
INTACT FINANCIAL;0,03%
BURLINGTON STORES;0,03%
SUBARU CORPORATION;0,03%
STANDARD CHARTERED;0,03%
FREEPORT MCMORAN B;0,03%
SS&C TECHNOLOGIES HLDGS;0,03%
GODADDY A;0,03%
REPSOL;0,03%
KBC GROUPE;0,03%
SWISSCOM;0,03%
ARISTA NETWORKS;0,03%
MID-AMERICA APARTMENT;0,03%
HESS;0,03%
TELEDYNE TECHNOLOGIES;0,03%
FERROVIAL;0,03%
SYSMEX CORP;0,03%
VENTAS;0,03%
BT GROUP;0,03%
SARTORIUS VORZUG;0,03%
JM SMUCKER CO;0,03%
SUN COMMUNITIES;0,03%
JUST EAT TAKEAWAY.COM;0,03%
BOSTON PROPERTIES;0,03%
DNB;0,03%
MS&AD INSURANCE GROUP;0,03%
ULTA BEAUTY;0,03%
MASCO CORP;0,03%
DUKE REALTY CORP;0,03%
SUZUKI MOTOR CORP;0,03%
GARMIN;0,03%
INTERNATIONAL PAPER;0,03%
EPAM SYSTEMS;0,03%
HEALTHPEAK PROPERTIES;0,03%
WESTERN DIGITAL;0,03%
OCADO GROUP;0,03%
EXPEDITORS INTL OF WASH;0,03%
FMC CORP;0,03%
NUCOR CORP;0,03%
EXTRA SPACE STORAGE;0,03%
VMWARE A;0,03%
MAGNA INTERNATIONAL;0,03%
TRADE DESK A;0,03%
HENNES & MAURITZ B;0,03%
EXACT SCIENCES CORP;0,03%
HEWLETT PACKARD ENT CO;0,03%
CHECK POINT SOFTW (USD);0,03%
ATMOS ENERGY CORP;0,03%
UCB (GROUPE);0,03%
SOCIETE GENERALE;0,03%
TDK CORP;0,03%
OMRON CORP;0,03%
WATERS CORP;0,03%
AVIVA;0,03%
NORTONLIFELOCK;0,03%
MARKEL CORP;0,03%
WIRECARD;0,03%
OCCIDENTAL PETROLEUM;0,03%
GENUINE PARTS CO;0,03%
DELIVERY HERO;0,03%
OBIC CO;0,03%
SEAGATE TECHNOLOGY;0,03%
TELADOC HEALTH;0,03%
TECHTRONIC INDUSTRIES CO;0,03%
MARTIN MARIETTA MATRLS;0,03%
MASIMO;0,03%
BRAMBLES;0,03%
ALLIANT ENERGY CORP;0,03%
QORVO;0,03%
VIACOMCBS B;0,03%
OMNICOM GROUP;0,03%
IDEX CORP;0,03%
HANG SENG BANK;0,03%
SONOVA HOLDING;0,03%
EDP ENERGIAS DE PORTUGAL;0,03%
CATALENT;0,03%
VEOLIA ENVIRONNEMENT;0,03%
DELL TECHNOLOGIES C;0,03%
THOMSON REUTERS CORP;0,03%
FAIR ISAAC CORP;0,03%
XYLEM;0,03%
INSULET CORP;0,03%
SWEDISH MATCH;0,03%
SOMPO HOLDINGS;0,03%
ARCH CAPITAL GROUP;0,03%
JXTG HOLDINGS;0,03%
NOVOZYMES B;0,03%
SEKISUI HOUSE;0,03%
SYNCHRONY FINANCIAL;0,03%
SWEDBANK;0,03%
FACTSET RESEARCH SYSTEMS;0,03%
CBOE GLOBAL MARKETS;0,03%
ASX;0,03%
SEGRO;0,03%
BLACK KNIGHT;0,03%
KEYCORP;0,03%
RENTOKIL INITIAL;0,03%
SLACK TECHNOLOGIES A;0,03%
NICE;0,03%
JAPAN POST HOLDINGS CO;0,03%
PERKINELMER;0,03%
OPEN TEXT CORP;0,03%
JACOBS ENGINEERING GROUP;0,03%
WIX.COM;0,03%
WABTEC CORP;0,03%
TERADYNE;0,03%
BANDAI NAMCO HOLDINGS;0,03%
JAPAN EXCHANGE GROUP;0,03%
SWISS LIFE HOLDING;0,03%
NVR;0,03%
INTL FLAVORS & FRAGRANCE;0,03%
INTERTEK GROUP;0,03%
BOOZ ALLEN HAMILTON A;0,03%
NEC CORP;0,03%
MOLINA HEALTHCARE;0,03%
CONCHO RESOURCES;0,03%
UDR;0,03%
KIRKLAND LAKE GOLD (NEW);0,03%
VARIAN MEDICAL SYSTEMS;0,03%
EXPEDIA GROUP;0,03%
SAREPTA THERAPEUTICS;0,03%
Z HOLDINGS CORP;0,03%
TELENOR;0,03%
BIO-RAD LABORATORIES A;0,03%
SVB FINANCIAL GROUP;0,03%
REGIONS FINANCIAL (NEW);0,03%
EQUITY LIFESTYLE PPTYS;0,03%
GARTNER;0,03%
CH ROBINSON WORLDWIDE;0,03%
HALMA;0,03%
TOSHIBA CORP;0,03%
PRINCIPAL FINANCIAL GRP;0,03%
CONTINENTAL;0,03%
FISHER & PAYKEL HEALTH;0,03%
NEUROCRINE BIOSCIENCES;0,03%
MONGODB A;0,03%
WP CAREY;0,03%
BOC HONG KONG HOLDINGS;0,03%
CELANESE CORP;0,03%
BAKER HUGHES CO;0,03%
WAYFAIR A;0,03%
HALLIBURTON CO;0,03%
BEIERSDORF;0,03%
CITIZENS FINANCIAL GROUP;0,03%
ROKU A;0,03%
NIPPON PAINT HOLDINGS CO;0,03%
ONO PHARMACEUTICAL CO;0,03%
NEXON CO;0,03%
DENTSPLY SIRONA;0,03%
WORLDLINE;0,03%
ADVANTEST CORP;0,03%
DOLLARAMA;0,03%
UNITED RENTALS;0,03%
METRO A;0,03%
ARISTOCRAT LEISURE;0,03%
EDENRED;0,03%
TD AMERITRADE HOLDING CO;0,03%
WEST JAPAN RAILWAY CO;0,03%
CREDIT AGRICOLE;0,03%
ZALANDO;0,03%
CHRISTIAN HANSEN HOLDING;0,02%
CHENIERE ENERGY;0,02%
ABIOMED;0,02%
NORDSON CORP;0,02%
NEW FOX A;0,02%
INGERSOLL-RAND;0,02%
E*TRADE GROUP;0,02%
3I GROUP;0,02%
QIAGEN;0,02%
DARDEN RESTAURANTS;0,02%
FIAT CHRYSLER AUTOMOBILE;0,02%
TEMENOS GROUP;0,02%
TRIMBLE;0,02%
KEURIG DR PEPPER;0,02%
ASAHI KASEI CORP;0,02%
WPP;0,02%
ROYAL CARIBBEAN CRUISES;0,02%
AENA;0,02%
HUNT (J,B,) TRANSPORT;0,02%
COGNEX CORP;0,02%
CROWDSTRIKE HLDGS A;0,02%
SUMITOMO MITSUI TRUST;0,02%
SNAM;0,02%
EMERA;0,02%
MEDICAL PROPERTIES TRUST;0,02%
PACKAGING CORP OF AMER;0,02%
HANNOVER RUECK;0,02%
HEINEKEN HOLDING;0,02%
LOGITECH;0,02%
ADVANCE AUTO PARTS;0,02%
VICI PROPERTIES;0,02%
BROWN & BROWN;0,02%
ESSENTIAL UTILITIES;0,02%
POWER CORP OF CANADA;0,02%
KINGSPAN GROUP;0,02%
RPM INTL;0,02%
SANDS CHINA;0,02%
TERNA;0,02%
GRIFOLS;0,02%
JULIUS BAER GROUP;0,02%
PERSIMMON;0,02%
SCHINDLER HOLDING PART;0,02%
INSURANCE AUSTRALIA GRP;0,02%
HASBRO;0,02%
NETAPP;0,02%
AVERY DENNISON CORP;0,02%
CENTURYLINK;0,02%
CARREFOUR;0,02%
CAMPBELL SOUP;0,02%
SAGE GROUP (THE);0,02%
EASTMAN CHEMICAL CO;0,02%
ALLEGION;0,02%
MONDI PLC (GB);0,02%
NN GROUP;0,02%
HUNTINGTON BANCSHARES;0,02%
PULTEGROUP;0,02%
NISOURCE (NEW);0,02%
APA GROUP;0,02%
CINCINNATI FINL CORP;0,02%
TOKYO GAS CO;0,02%
VISTRA ENERGY;0,02%
TELSTRA CORP;0,02%
MYLAN;0,02%
CAMDEN PROPERTY TRUST;0,02%
FNF GROUP;0,02%
JARDINE MATHESON (USD);0,02%
CENTERPOINT ENERGY;0,02%
CROWN HOLDINGS;0,02%
SPIRAX SARCO ENGINEERING;0,02%
NEW INFORMA;0,02%
LIBERTY GLOBAL C;0,02%
LAMB WESTON HOLDINGS;0,02%
LINDT & SPRUENGLI PART;0,02%
ANNALY CAPITAL MGMT;0,02%
UMICORE;0,02%
NRG ENERGY;0,02%
KONINKLIJKE KPN;0,02%
ELISA A;0,02%
RAYMOND JAMES FINANCIAL;0,02%
NISSAN MOTOR CO;0,02%
F5 NETWORKS;0,02%
LINDT & SPRUENGLI NAMEN;0,02%
LOBLAW;0,02%
TELIA CO;0,02%
EUROFINS SCIENTIFIC;0,02%
CHUBU ELECTRIC POWER CO;0,02%
THE A2 MILK COMPANY;0,02%
GUIDEWIRE SOFTWARE;0,02%
PEUGEOT SA;0,02%
SUMITOMO ELECTRIC IND;0,02%
HENRY SCHEIN;0,02%
ASSOCIATED BRITISH FOODS;0,02%
LOEWS CORP;0,02%
PINNACLE WEST CAPITAL;0,02%
MEIJI HOLDINGS CO;0,02%
NITTO DENKO CORP;0,02%
PTC;0,02%
SUMITOMO REALTY & DEV CO;0,02%
HOST HOTELS & RESORTS;0,02%
INGENICO GROUP;0,02%
SONIC HEALTHCARE;0,02%
CABLE ONE;0,02%
LEG IMMOBILIEN;0,02%
YASKAWA ELECTRIC CORP;0,02%
ALTICE USA A;0,02%
QBE INSURANCE GROUP;0,02%
FORTUNE BRANDS HOME & SE;0,02%
MTU AERO ENGINES;0,02%
WESTERN UNION;0,02%
DANSKE BANK;0,02%
INTERCONTINENTAL HOTELS;0,02%
FORTUM CORP;0,02%
BERKLEY (W,R,) CORP;0,02%
NEXT;0,02%
KINTETSU GROUP HOLDINGS;0,02%
KINROSS GOLD CORP;0,02%
HANKYU HANSHIN HOLDINGS;0,02%
GALAPAGOS;0,02%
RAMSAY HEALTH CARE;0,02%
ELANCO ANIMAL HEALTH;0,02%
COCHLEAR;0,02%
NOMURA RESEARCH INST;0,02%
ALSTOM;0,02%
ATLANTIA;0,02%
STRAUMANN HOLDING;0,02%
APOLLO GLOBAL MGMT A;0,02%
MOWI;0,02%
WYNN RESORTS;0,02%
PORSCHE AUTOMOBIL VZG;0,02%
HENKEL STAMM;0,02%
AES CORP;0,02%
MGM RESORTS INTL;0,02%
UNIVERSAL HEALTH SVCS B;0,02%
PAN PACIFIC INTL HLDGS;0,02%
DCC (GB);0,02%
THALES;0,02%
SCOUT24;0,02%
CRODA INTERNATIONAL;0,02%
ALBEMARLE CORP;0,02%
MITSUBISHI HEAVY IND;0,02%
LKQ CORP;0,02%
UNIBAIL-RODAMCO-WE;0,02%
BRENNTAG;0,02%
WH GROUP;0,02%
ZILLOW GROUP C;0,02%
EQUITABLE HOLDINGS;0,02%
LIVE NATION ENTMT;0,02%
AVALARA;0,02%
GLOBE LIFE;0,02%
DAIFUKU CO;0,02%
JUNIPER NETWORKS;0,02%
BUNZL;0,02%
COCA COLA EUROPEAN (US);0,02%
SHAW COMMUNICATIONS B;0,02%
HUNTINGTON INGALLS IND;0,02%
MARUBENI CORP;0,02%
POWER ASSETS HOLDINGS;0,02%
RAKUTEN;0,02%
AJINOMOTO CO;0,02%
CARNIVAL CORP (US);0,02%
HARDIE (JAMES) IND CDI;0,02%
NIPPON BUILDING FUND;0,02%
EVEREST RE GROUP;0,02%
CABOT OIL & GAS CORP;0,02%
DISH NETWORK A;0,02%
AVANTOR;0,02%
SUNCORP GROUP;0,02%
UNITED UTILITIES GROUP;0,02%
TOKYU CORP;0,02%
VAIL RESORTS;0,02%
SCENTRE GROUP;0,02%
KUEHNE & NAGEL INTL;0,02%
WHIRLPOOL CORP;0,02%
SIEMENS HEALTHINEERS;0,02%
EVOLUTION GAMING GROUP;0,02%
RED ELECTRICA CORP;0,02%
BANK LEUMI LE-ISRAEL;0,02%
EIFFAGE;0,02%
ENDESA;0,02%
LINCOLN NATIONAL CORP;0,02%
NIPPON STEEL CORP;0,02%
BURBERRY GROUP;0,02%
OSAKA GAS CO;0,02%
FAIRFAX FINANCIAL HLDGS;0,02%
MTR CORP;0,02%
MITSUBISHI CHEMICAL HLDG;0,02%
NORTHERN STAR RESOURCES;0,02%
MISUMI GROUP;0,02%
REGENCY CENTERS CORP;0,02%
IONIS PHARMACEUTICALS;0,02%
HARGREAVES LANSDOWN;0,02%
IRON MOUNTAIN;0,02%
PERRIGO;0,02%
LENNOX INTERNATIONAL;0,02%
MAKITA CORP;0,02%
TOYOTA INDUSTRIES CORP;0,02%
SCA B;0,02%
SMURFIT KAPPA GROUP;0,02%
PINTEREST A;0,02%
STANDARD LIFE ABERDEEN;0,02%
ALGONQUIN POWER & UTL;0,02%
NTT DATA CORP;0,02%
HEIDELBERGCEMENT;0,02%
RESONA HOLDINGS;0,02%
WESTROCK COMPANY;0,02%
TREND MICRO;0,02%
ADECCO GROUP;0,02%
SEVERN TRENT;0,02%
EPIROC A;0,02%
TELUS CORP VTG;0,02%
ALLEGHANY CORP;0,02%
ATOS;0,02%
YAKULT HONSHA CO;0,02%
DATADOG A;0,02%
AGL ENERGY;0,02%
SARTORIUS STEDIM BIOTECH;0,02%
RENAISSANCERE HOLDINGS;0,02%
MONCLER SPA;0,02%
ORIGIN ENERGY;0,02%
MELROSE INDUSTRIES;0,02%
KIKKOMAN CORP;0,02%
XPO LOGISTICS;0,02%
STORA ENSO R;0,02%
MOLSON COORS BREWING B;0,02%
ODAKYU ELECTRIC RAILWAY;0,02%
KANSAI ELECTRIC POWER CO;0,02%
ARCELORMITTAL A;0,02%
TEXTRON;0,02%
JAPAN REAL ESTATE INV;0,02%
KYOWA KIRIN CO;0,02%
FINECOBANK;0,02%
OMEGA HEALTHCARE INVESTO;0,02%
LIBERTY FORMULA ONE C;0,02%
SKF B;0,02%
AGNC INVESTMENT CORP;0,02%
UBISOFT ENTERTAINMENT;0,02%
BOUYGUES;0,02%
SWISS PRIME SITE;0,02%
DAVITA HEALTHCARE PARTNR;0,02%
INPEX CORP;0,02%
SEI INVESTMENTS CO;0,02%
ROYAL BANK OF SCOTLAND;0,02%
CAIXABANK;0,02%
NIBE INDUSTRIER B;0,02%
EVOLUTION MINING;0,02%
DIAMONDBACK ENERGY;0,02%
VIFOR PHARMA;0,02%
WSP GLOBAL;0,02%
AFTERPAY;0,02%
GN STORE NORD;0,02%
ALLY FINANCIAL;0,02%
ASCENDAS REIT;0,02%
ROLLS-ROYCE GROUP;0,02%
ON SEMICONDUCTOR CORP;0,02%
BORGWARNER;0,02%
BANK HAPOALIM;0,02%
DEXUS;0,02%
SKANSKA B;0,02%
ORKLA;0,02%
TORAY INDUSTRIES;0,02%
ACS ACTIV CONST Y SVCS;0,02%
TOBU RAILWAY CO;0,02%
INTERPUBLIC GROUP OF COS;0,02%
TELE2 B;0,02%
UGI CORP;0,02%
TAISEI CORP;0,02%
SNAP-ON;0,02%
DISCO CORP;0,02%
YAMATO HOLDINGS CO;0,02%
DISCOVERY C;0,02%
DAITO TRUST CONSTRUCTION;0,02%
JAZZ PHARMACEUTICALS;0,02%
PUBLICIS GROUPE;0,02%
AUTO TRADER GROUP;0,02%
GROUPE BRUXELLES LAMBERT;0,02%
TEAMVIEWER;0,02%
CNH INDUSTRIAL;0,02%
SANTOS;0,02%
BALOISE HOLDING;0,02%
SANTEN PHARMACEUTICAL CO;0,02%
SIRIUS XM HOLDINGS;0,02%
PENTAIR PLC;0,02%
YAMAHA CORP;0,02%
NEW WORLD DEVELOPMENT;0,02%
SMITHS GROUP;0,02%
BERKELEY GRP HLDGS;0,02%
LIBERTY SIRIUSXM C;0,02%
BEIGENE ADR;0,02%
SOUTH 32 (AU);0,02%
MINEBEA MITSUMI;0,02%
BARRATT DEVELOPMENTS;0,02%
COVESTRO;0,02%
BCE INC;0,02%
OGE ENERGY CORP;0,02%
SMITH (A,O,) CORP;0,02%
LASERTEC CORP;0,02%
ALFA LAVAL;0,02%
AGEAS;0,02%
AP MOLLER MAERSK B;0,02%
CF INDUSTRIES HOLDINGS;0,02%
SUMITOMO METAL MINING CO;0,02%
PAN AMERICAN SILVER CORP;0,02%
HYDRO ONE;0,02%
AURIZON HOLDINGS;0,02%
LEAR CORP;0,02%
AROUNDTOWN;0,02%
HAMAMATSU PHOTONICS K,K;0,02%
GETLINK;0,02%
UNIPER;0,02%
WHITBREAD;0,02%
HEICO CORP A;0,02%
ST JAMES'S PLACE;0,02%
GALP ENERGIA SGPS B;0,02%
VEREIT INC;0,02%
ROLLINS;0,02%
SODEXO;0,02%
NIHON M&A CENTER;0,02%
KINNEVIK B;0,02%
TAYLOR WIMPEY;0,02%
NEXI;0,02%
VORNADO REALTY TRUST;0,02%
ASSURANT;0,02%
KEPPEL CORP;0,02%
OBAYASHI CORP;0,01%
FLIR SYSTEMS;0,01%
ERSTE GROUP BANK;0,01%
MIRVAC GROUP;0,01%
ARKEMA;0,01%
BUREAU VERITAS SA;0,01%
YARA INTERNATIONAL;0,01%
BOLIDEN;0,01%
VOYA FINANCIAL;0,01%
FEDERAL REALTY INV TRUST;0,01%
SHIMADZU CORP;0,01%
BARRY CALLEBAUT;0,01%
BAUSCH HEALTH COMPANIES;0,01%
DAIWA SECURITIES GROUP;0,01%
EMS-CHEMIE HOLDING;0,01%
KEIO CORP;0,01%
ROHM CO;0,01%
ORPEA;0,01%
ASAHI INTECC CO;0,01%
ROBERT HALF INTL;0,01%
ARAMARK;0,01%
GECINA;0,01%
EXOR;0,01%
IPG PHOTONICS;0,01%
PUMA;0,01%
SAPUTO;0,01%
GVC HOLDINGS;0,01%
LENDLEASE GROUP;0,01%
DENTSU GROUP;0,01%
BIOMERIEUX;0,01%
NIPPON PROLOGIS REIT;0,01%
OWENS CORNING;0,01%
FRANKLIN RESOURCES;0,01%
SOLVAY;0,01%
SENSATA TECH HLDG;0,01%
ENAGAS;0,01%
VALEO;0,01%
SWATCH GROUP INH;0,01%
DROPBOX A;0,01%
REINSURANCE GRP AMERICA;0,01%
NATIONAL RETAIL PPTYS;0,01%
STEEL DYNAMICS;0,01%
B2GOLD;0,01%
STOCKLAND;0,01%
AGC;0,01%
MORRISON WM SUPERMARKETS;0,01%
MOHAWK INDUSTRIES;0,01%
SUNTORY BEVERAGE & FOOD;0,01%
INGREDION INC;0,01%
TOTO;0,01%
ARROW ELECTRONICS;0,01%
NAGOYA RAILROAD CO;0,01%
SIGNATURE BANK;0,01%
EDF;0,01%
TMX GROUP (NEW);0,01%
BUNGE;0,01%
NISSAN CHEMICAL;0,01%
TSURUHA HOLDINGS;0,01%
HKT TRUST AND HKT;0,01%
DAI NIPPON PRINTING CO;0,01%
ACCOR;0,01%
ZIONS BANCORP;0,01%
TRADEWEB MARKETS A;0,01%
ORION-YHTYMAE B;0,01%
WESTON (GEORGE);0,01%
ADMIRAL GROUP;0,01%
AMBU B;0,01%
LAND SECURITIES GROUP;0,01%
NATURGY ENERGY GROUP;0,01%
TOYOTA TSUSHO;0,01%
HENDERSON LAND DEV;0,01%
CAPITALAND;0,01%
NEWELL BRANDS;0,01%
AUTOLIV;0,01%
WILMAR INTERNATIONAL;0,01%
COMERICA;0,01%
NISSIN FOODS HOLDINGS CO;0,01%
GPT GROUP;0,01%
SG HOLDINGS CO;0,01%
JONES LANG LASALLE;0,01%
MEDIBANK PRIVATE;0,01%
KINGFISHER;0,01%
HOWMET AEROSPACE;0,01%
PEOPLES UNITED FINANCIAL;0,01%
KNIGHT-SWIFT TRANSPORT;0,01%
EAST WEST BANCORP;0,01%
RSA INSURANCE GROUP;0,01%
NIELSEN HOLDINGS PLC;0,01%
RANDSTAD NV;0,01%
KAJIMA CORP;0,01%
YAMANA GOLD;0,01%
EVONIK INDUSTRIES;0,01%
HD SUPPLY HOLDINGS;0,01%
NOMURA REAL EST MF (NEW);0,01%
COCA-COLA HBC CDI;0,01%
VOLKSWAGEN STAMM;0,01%
SBI HOLDINGS;0,01%
OTSUKA CORP;0,01%
KNORR-BREMSE;0,01%
AISIN SEIKI CO;0,01%
CYBER AGENT;0,01%
SPARK NEW ZEALAND;0,01%
WHEELOCK AND COMPANY;0,01%
DIASORIN;0,01%
SEKISUI CHEMICAL CO;0,01%
PRYSMIAN;0,01%
MAGELLAN FINANCIAL GROUP;0,01%
CCL INDUSTRIES B;0,01%
AEGON;0,01%
JOHNSON MATTHEY;0,01%
RICOH CO;0,01%
ISUZU MOTORS;0,01%
LION CORP;0,01%
SEALED AIR CORP;0,01%
MATCH GROUP;0,01%
CANADIAN TIRE CORP A;0,01%
PANDORA;0,01%
AUCKLAND INTL AIRPORT;0,01%
NEW FOX B;0,01%
TOKYO ELECTRIC POWER CO;0,01%
BUDWEISER BREWING CO;0,01%
CDK GLOBAL HOLDINGS;0,01%
AXALTA COATING SYSTEMS;0,01%
DYNATRACE;0,01%
OMV AG;0,01%
TIS;0,01%
SOUTHWEST AIRLINES CO;0,01%
NATIONAL OILWELL VARCO;0,01%
SINGAPORE EXCHANGE;0,01%
PEARSON;0,01%
HOLLYFRONTIER;0,01%
GLP J REIT;0,01%
T&D HOLDINGS;0,01%
TREASURY WINE ESTATES;0,01%
ORICA;0,01%
RITCHIE BROS AUCTIONEER;0,01%
OIL SEARCH;0,01%
HONGKONG LAND (USD);0,01%
DAIWA HOUSE REIT INV CO;0,01%
NEWS CORP A;0,01%
RECORDATI;0,01%
HIKARI TSUSHIN;0,01%
SHIMIZU CORP;0,01%
ICA GRUPPEN;0,01%
SUMITOMO CHEMICAL CO;0,01%
CENOVUS ENERGY;0,01%
TECK RESOURCES B;0,01%
FAMILYMART CO;0,01%
SCHINDLER HOLDING NAMEN;0,01%
DAVIDE CAMPARI-MILANO;0,01%
GMO PAYMENT GATEWAY;0,01%
MONOTARO CO;0,01%
AMPOL;0,01%
SCHRODERS;0,01%
POSTE ITALIANE;0,01%
AMERICAN FINANCIAL GROUP;0,01%
TOYO SUISAN KAISHA;0,01%
M&G;0,01%
DIRECT LINE INS GRP;0,01%
SEEK;0,01%
RENAULT;0,01%
LUNDIN ENERGY;0,01%
GREAT-WEST LIFECO;0,01%
GEA GROUP;0,01%
PIGEON CORP;0,01%
JARDINE STRATEGIC (USD);0,01%
AMUNDI;0,01%
NEMETSCHEK;0,01%
ORACLE CORP JAPAN;0,01%
KEIHAN HOLDINGS CO;0,01%
TOPPAN PRINTING CO;0,01%
HIKMA PHARMACEUTICALS;0,01%
MOSAIC CO (THE);0,01%
HEICO CORP;0,01%
SQUARE ENIX HOLDINGS CO;0,01%
BRITISH LAND CO;0,01%
TABCORP HOLDINGS;0,01%
ERIE INDEMNITY CO A;0,01%
SYDNEY AIRPORT;0,01%
TOHOKU ELECTRIC POWER CO;0,01%
ANTOFAGASTA;0,01%
HANG LUNG PROPERTIES;0,01%
COMPUTERSHARE;0,01%
EPIROC B;0,01%
MEDIOBANCA;0,01%
KOSE CORPORATION;0,01%
IDEMITSU KOSAN CO;0,01%
KOITO MANUFACTURING CO;0,01%
KOBAYASHI PHARMA CO;0,01%
OJI HOLDINGS CORP;0,01%
AERCAP HOLDINGS NV;0,01%
JERONIMO MARTINS SGPS;0,01%
LANXESS;0,01%
SAINSBURY (J);0,01%
ATHENE HLDG LTD;0,01%
IMPERIAL OIL;0,01%
KYUSHU RAILWAY CO;0,01%
WHARF REAL ESTATE INV;0,01%
CAMECO CORP;0,01%
SECURITAS B;0,01%
UNITED INTERNET;0,01%
KEISEI ELECTRIC RAILWAY;0,01%
DELTA AIR LINES;0,01%
BROTHER INDUSTRIES;0,01%
PEPTIDREAM;0,01%
PARKLAND;0,01%
HOSHIZAKI CORP;0,01%
CARL ZEISS MEDITEC;0,01%
TOHO CO;0,01%
SOFINA;0,01%
CHUGOKU ELECTRIC POWER;0,01%
SUMCO;0,01%
CAE;0,01%
SIEMENS GAMESA RENE ENER;0,01%
CYBERARK SOFTWARE (USD);0,01%
YAMAHA MOTOR CO;0,01%
RENESAS ELECTRONICS CORP;0,01%
ONEX CORP;0,01%
KLEPIERRE;0,01%
JSR CORP;0,01%
SUEZ;0,01%
SCOR;0,01%
INTER PIPELINE;0,01%
NIPPON SHINYAKU CO;0,01%
WELCIA HOLDINGS CO;0,01%
CARLYLE GROUP;0,01%
QUEBECOR B;0,01%
LIXIL GROUP CORP;0,01%
COMMERZBANK;0,01%
AMP LTD;0,01%
EQT AB;0,01%
NGK INSULATORS;0,01%
BLUESCOPE STEEL;0,01%
MERIDIAN ENERGY;0,01%
NIPPON EXPRESS CO;0,01%
KONINKLIJKE VOPAK;0,01%
USS CO;0,01%
ALFRESA HOLDINGS;0,01%
ELBIT SYSTEMS;0,01%
EMPIRE CO A;0,01%
HIROSE ELECTRIC CO;0,01%
MAPLETREE LOGISTICS;0,01%
MITSUI CHEMICALS;0,01%
ITV;0,01%
SINO LAND;0,01%
CAPITALAND MALL TRUST;0,01%
ELECTROLUX B;0,01%
RALPH LAUREN CORP A;0,01%
SINGAPORE AIRLINES;0,01%
CANOPY GROWTH;0,01%
KANSAI PAINT CO;0,01%
ORIX JREIT;0,01%
TOSOH CORP;0,01%
MAZDA MOTOR CORP;0,01%
MIURA CO;0,01%
TOHO GAS CO;0,01%
SONY FINANCIAL HOLDINGS;0,01%
REA GROUP;0,01%
MEDIPAL HOLDINGS CORP;0,01%
GJENSIDIGE FORSIKRING;0,01%
FIRST QUANTUM MINERALS;0,01%
CLARIANT;0,01%
LUNDBERGFORETAGEN B;0,01%
LIBERTY GLOBAL A;0,01%
KEIKYU CORP;0,01%
ISRAEL DISCOUNT BANK;0,01%
KION GROUP;0,01%
JFE HOLDINGS;0,01%
ABN AMRO BANK;0,01%
WARTSILA B;0,01%
RYOHIN KEIKAKU CO;0,01%
MELCO RSRTS & ENTMT ADR;0,01%
JD SPORTS FASHION;0,01%
INDUSTRIVARDEN C;0,01%
SINGAPORE TECH ENGR;0,01%
MCDONALD'S HLDGS CO JP;0,01%
NABTESCO CORP;0,01%
KEYERA;0,01%
SOHGO SECURITY SVCS CO;0,01%
VICINITY CENTRES;0,01%
ELIA GROUP;0,01%
METSO CORP;0,01%
YAMADA DENKI CO;0,01%
CONCORDIA FINANCIAL GRP;0,01%
DISCOVERY A;0,01%
NORSK HYDRO;0,01%
JAPAN RETAIL FUND INV;0,01%
GENTING SINGAPORE;0,01%
CK INFRASTRUCTURE HLDGS;0,01%
IA FINANCIAL CORP;0,01%
KURARAY CO;0,01%
KOBE BUSSAN CO;0,01%
CASIO COMPUTER CO;0,01%
CAPITALAND COMMERCIAL TR;0,01%
MARUI GROUP CO;0,01%
TRYG;0,01%
FUJI ELECTRIC CO;0,01%
KAKAKU.COM;0,01%
LIBERTY BROADBAND A;0,01%
COLRUYT;0,01%
ITOCHU TECHNO-SOLUTIONS;0,01%
JAPAN POST BANK CO;0,01%
YOKOGAWA ELECTRIC CORP;0,01%
KONAMI HOLDINGS CORP;0,01%
PROXIMUS;0,01%
AVEVA GROUP;0,01%
LIBERTY SIRIUSXM A;0,01%
KYUSHU ELECTRIC POWER CO;0,01%
SHOWA DENKO K,K;0,01%
THK CO;0,01%
TELEFONICA DEUTSCHLAND;0,01%
STANLEY ELECTRIC CO;0,01%
TELECOM ITALIA;0,01%
AMERCO;0,01%
INVESCO LTD;0,01%
LUNDIN MINING CORP;0,01%
MAPLETREE COMM TRUST;0,01%
SEIKO EPSON CORPORATION;0,01%
ADP;0,01%
TOKYU FUDOSAN HLDGS CORP;0,01%
DEMANT;0,01%
FAURECIA;0,01%
HUSQVARNA B;0,01%
IPSEN;0,01%
VENTURE CORP;0,01%
CANADIAN UTILITIES A;0,01%
NISSHIN SEIFUN GROUP;0,01%
ITO EN;0,01%
HULIC CO (NEW);0,01%
RINNAI CORP;0,01%
TENARIS (IT);0,01%
SEB;0,01%
NH FOODS;0,01%
UNITED URBAN INVESTMENT;0,01%
ALTAGAS;0,01%
COVIVIO;0,01%
RYMAN HEALTHCARE;0,01%
VERBUND A;0,01%
LINE CORP;0,01%
COCA-COLA AMATIL;0,01%
AP MOLLER MAERSK A;0,01%
COSMOS PHARMACEUTICAL;0,01%
LA FRANCAISE DES JEUX;0,01%
BANQUE CANTONALE VAUDOIS;0,01%
TEIJIN;0,01%
BANKINTER;0,01%
GILDAN ACTIVEWEAR;0,01%
AMADA CO;0,01%
ASM PACIFIC TECHNOLOGY;0,01%
PARGESA HOLDING INH;0,01%
SES A-FDR;0,01%
JAPAN POST INSURANCE CO;0,01%
TAIHEIYO CEMENT CORP;0,01%
CANADIAN APT PPTYS REIT;0,01%
HITACHI CONST MACHINERY;0,01%
HAKUHODO DY HOLDINGS;0,01%
FUKUOKA FINANCIAL GROUP;0,01%
ANA HOLDINGS;0,01%
SEIBU HOLDINGS;0,01%
FUCHS PETROLUB VORZUG;0,01%
MIZRAHI TEFAHOT BANK;0,01%
KURITA WATER INDUSTRIES;0,01%
LAWSON;0,01%
SWIRE PACIFIC A;0,01%
ANDRITZ;0,01%
REMY COINTREAU;0,01%
NIKON CORP;0,01%
THYSSEN KRUPP;0,01%
RAIFFEISEN BANK INTL;0,01%
SHIZUOKA BANK;0,01%
SWIRE PROPERTIES;0,01%
WYNN MACAU;0,01%
BOLLORE;0,01%
LATOUR INVESTMENT B;0,01%
H,LUNDBECK;0,01%
ILIAD;0,01%
MERCARI INC;0,01%
LEONARDO;0,01%
AIR WATER;0,01%
HK ELECTRIC INVESTMENTS;0,01%
NSK;0,01%
BMW VORZUG;0,01%
CITY DEVELOPMENTS;0,01%
SCSK CORP;0,01%
ELECTRIC POWER DEV;0,01%
BLACKBERRY;0,01%
HISAMITSU PHARMACEUTICAL;0,01%
WENDEL;0,01%
CI FINANCIAL;0,01%
NGK SPARK PLUG CO;0,01%
TAIYO NIPPON SANSO CORP;0,01%
ALTICE EUROPE A;0,01%
SUMITOMO HEAVY IND;0,01%
CALBEE;0,01%
SUMITOMO DAINIPPON PHARM;0,01%
MITSUBISHI MATERIALS;0,01%
COCA-COLA BOTTLERS JAPAN;0,01%
CHIBA BANK;0,01%
SUZUKEN CO;0,01%
BANK EAST ASIA;0,01%
HITACHI METALS;0,01%
CROWN RESORTS;0,01%
LUFTHANSA;0,01%
INFRASTRUTTURE WIRELESS;0,01%
SUNDRUG CO;0,01%
TELECOM ITALIA RNC;0,01%
ICL GROUP;0,01%
SCHIBSTED B;0,01%
PCCW;0,01%
MITSUBISHI GAS CHEMICAL;0,01%
PERSOL HOLDINGS CO;0,01%
UNITED OVERSEAS LAND;0,01%
JAPAN PRIME REALTY INV;0,01%
JGC HOLDINGS CORP;0,01%
SHARP CORP;0,01%
SJM HOLDINGS;0,01%
VOESTALPINE;0,01%
JAPAN AIRLINES CO;0,01%
IIDA GROUP HOLDINGS CO;0,01%
SEGA SAMMY HOLDINGS;0,01%
KAWASAKI HEAVY IND;0,01%
ISETAN MITSUKOSHI HLDGS;0,01%
JAPAN AIRPORT TERMINAL;0,01%
AUSNET SERVICES;0,01%
NIPPON YUSEN K,K;0,01%
NOMURA REAL ESTATE HLDG;0,01%
ICADE;0,01%
DASSAULT AVIATION;0,01%
HOCHTIEF;0,01%
AOZORA BANK;0,01%
NATIXIS;0,01%
PARK24 CO;0,01%
ATCO I;0,01%
SUNTEC REIT;0,01%
MEBUKI FINANCIAL GROUP;0,01%
AZRIELI GROUP;0,01%
YAMAZAKI BAKING CO;0,01%
TAISHO PHARM HOLDINGS CO;0,01%
DAICEL CORP;0,01%
TPG TELECOM;0,01%
ZOZO;0,01%
FRAPORT;0,01%
IGM FINANCIAL;0,00%
SWATCH GROUP NAM;0,00%
BANK KYOTO;0,00%
ABC-MART;0,00%
MERCURY NZ;0,00%
QANTAS AIRWAYS;0,00%
SHINSEI BANK;0,00%
TELENET;0,00%
WISETECH GLOBAL;0,00%
EURAZEO;0,00%
HINO MOTORS;0,00%
MITSUBISHI UFJ LEASE FIN;0,00%
MAPFRE;0,00%
BENESSE HOLDINGS;0,00%
KAMIGUMI CO;0,00%
MITSUBISHI MOTORS CORP;0,00%
CNP ASSURANCES;0,00%
EVRAZ GROUP;0,00%
TOKYO CENTURY CORP;0,00%
PIRELLI;0,00%
YOKOHAMA RUBBER CO;0,00%
YANGZIJIANG SHIPBUILD;0,00%
POLA ORBIS HOLDINGS;0,00%
JC DECAUX INTERNATIONAL;0,00%
SUMITOMO RUBBER IND;0,00%
SEVEN BANK;0,00%
RIOCAN REIT;0,00%
KERRY PROPERTIES;0,00%
CIMIC GROUP;0,00%
METRO STAMM (NEW);0,00%
CASINO;0,00%
JTEKT CORP;0,00%
ACOM CO;0,00%
AIR CANADA VV;0,00%
JARDINE CYCLE & CARRIAGE;0,00%
SHIMAMURA CO;0,00%
DAIRY FARM INTL (USD);0,00%
AEON MALL CO;0,00%
MARUICHI STEEL TUBE;0,00%
PATTINSON (WASHINGTON);0,00%
TOYODA GOSEI CO;0,00%
NWS HOLDINGS;0,00%
CRONOS GROUP (CA);0,00%
SMARTCENTRES REIT;0,00%
FIRST CAPITAL REIT;0,00%