POOL CORP;0.240990%
BIO-TECHNE CORP;0.225927%
ZENDESK;0.223108%
HORIZON THERAPEUTICS PLC;0.213259%
ETSY;0.209509%
MONOLITHIC POWER SYSTEMS;0.203252%
CHARLES RIVER LABS INTL;0.200029%
ROYAL GOLD;0.199157%
ZYNGA A;0.197168%
HUBSPOT;0.197106%
CIENA CORP;0.193237%
CYRUSONE;0.191836%
CERIDIAN HCM HOLDING;0.186878%
GRACO;0.182768%
ENTEGRIS;0.179272%
ZSCALER;0.173990%
ALTERYX A;0.171618%
CHEGG;0.171059%
GAMING & LEISURE PPTYS;0.169532%
ASPEN TECHNOLOGY;0.167988%
CHEMED CORP;0.167653%
TORO CO;0.166324%
EXELIXIS;0.165688%
SOLAREDGE TECHNOLOGIES;0.164675%
ENCOMPASS HEALTH CORP;0.164151%
AMERICOLD REALTY;0.160990%
APTARGROUP;0.160433%
AMERICAN HOMES 4 RENT A;0.159848%
SERVICE CORP INTL;0.159828%
TREX COMPANY;0.159005%
GENERAC HOLDINGS;0.155514%
HILL-ROM HOLDING;0.154175%
CARLISLE COS;0.153445%
HUBBELL;0.152944%
PROOFPOINT;0.151859%
NUANCE COMMUNICATIONS;0.150457%
GENTEX CORP;0.150447%
BRIGHT HORIZONS FAMILY;0.150303%
GCI LIBERTY A;0.149448%
WEX;0.148245%
QUIDEL CORP;0.148208%
PRA HEALTH SCIENCES;0.147600%
FIVE9;0.147227%
RELIANCE STEEL & ALUM;0.147218%
RIGHTMOVE GROUP;0.145105%
REPLIGEN CORP;0.144544%
COMMERCE BANCSHARES;0.144020%
WILLIAMS-SONOMA;0.141490%
SMARTSHEET A;0.140988%
CAESARS ENTERTAINMENT;0.140854%
UNIVERSAL DISPLAY CORP;0.139278%
AMEDISYS;0.137322%
IMMUNOMEDICS;0.136609%
DONALDSON CO;0.136446%
PROSPERITY BANCSHARES;0.136351%
BERRY GLOBAL GROUP;0.135747%
MANHATTAN ASSOCIATES;0.135189%
SCOTTS MIRACLE-GRO;0.134121%
FIRST AMERICAN FINANCIAL;0.132497%
POST HOLDINGS;0.131956%
PENUMBRA;0.131768%
REALPAGE;0.131455%
LPL FINANCIAL HOLDINGS;0.131353%
DS SMITH;0.130821%
HEALTHCARE TRUST OF AMER;0.130542%
WATSCO;0.128760%
HELLOFRESH;0.128576%
FIVE BELOW;0.128566%
CREE INC;0.128441%
ACADIA PHARMACEUTICALS;0.128040%
INPHI CORP;0.127985%
IAA;0.127765%
MKS INSTRUMENTS;0.127670%
APARTMENT INV & MGMT;0.127051%
NOVOCURE;0.126246%
KILROY REALTY CORP;0.125717%
ASM INTERNATIONAL;0.124834%
LUMENTUM HOLDINGS;0.124782%
NEW YORK TIMES CO A;0.124426%
HAEMONETICS CORP;0.124238%
ENPHASE ENERGY;0.123940%
CUBESMART;0.123455%
DECKERS OUTDOOR CORP;0.123199%
QUANTA SERVICES;0.121509%
DUNKIN BRANDS;0.121474%
GRUBHUB;0.121391%
AXON ENTERPRISE;0.119722%
PLANET FITNESS A;0.119309%
UNITED THERAPEUTICS CORP;0.118657%
SONOCO PRODUCTS CO;0.118235%
OLLIES BARGAIN OUTLET;0.118056%
POLARIS INDUSTRIES;0.117354%
BECHTLE;0.116667%
EURONEXT;0.116579%
KIMCO REALTY CORP;0.116476%
FLEX;0.115786%
EURONET WORLDWIDE;0.115240%
BOSTON BEER A;0.114974%
MYOKARDIA;0.114016%
DOUGLAS EMMETT;0.113591%
ITT;0.113368%
BJS WHOLESALE CLUB HLDGS;0.113151%
IMCD GROUP;0.111947%
HOMESERVE;0.111301%
PSP SWISS PROPERTY;0.111267%
ANAPLAN;0.110336%
NATIONAL INSTRUMENTS;0.109742%
VAT GROUP;0.109451%
TECH DATA CORP;0.109181%
FIRST INDUSTRIAL REALTY;0.108831%
STORE CAPITAL;0.108453%
LHC GROUP;0.108348%
THOR INDUSTRIES;0.108262%
TANDEM DIABETES CARE;0.108020%
SYNNEX CORP;0.107737%
PRIMERICA;0.107385%
GRAND CANYON EDUCATION;0.106963%
ELASTIC NV;0.106869%
LINCOLN ELECTRIC HLDGS;0.106699%
NEW YORK COMMU BANCORP;0.106422%
FLOWERS FOODS;0.106360%
CORESITE REALTY CORP;0.105987%
PAYLOCITY HOLDING CORP;0.105622%
CHURCHILL DOWNS;0.105348%
AMERICAN CAMPUS CMNTY;0.105327%
BRUKER;0.104871%
MAXIMUS;0.104715%
INTERMEDIATE CAPITAL GRP;0.104075%
OLD REPUBLIC INTL CORP;0.103661%
LIFE STORAGE;0.103593%
COUSINS PROPERTIES;0.102770%
REXFORD INDL REALTY;0.102554%
HELEN OF TROY;0.102251%
TCF FINANCIAL CORP;0.102228%
BOOHOO GROUP;0.102033%
BRUNSWICK CORP;0.101702%
CULLEN FROST BANKERS;0.101685%
FTI CONSULTING;0.100803%
LANDSTAR SYSTEM;0.100729%
EASTGROUP PROPERTIES;0.100609%
SIMCORP;0.100303%
B&M EUROPEAN VALUE RTL;0.100295%
SITEONE LANDSCAPE SUPPLY;0.099603%
SERVICEMASTER GLOBAL;0.099568%
KESKO B;0.099263%
ACCELERON PHARMA;0.099121%
MDU RESOURCES GROUP;0.099102%
HEALTHEQUITY;0.099057%
RUBIS;0.098818%
ONE GAS;0.098540%
CASTELLUM;0.098447%
MSA SAFETY INC;0.098427%
US FOODS HOLDING;0.098401%
HOWDEN JOINERY GROUP;0.098339%
LEGG MASON;0.097464%
TETRA TECH;0.096988%
II-VI;0.096780%
SKECHERS USA A;0.096630%
SIG COMBIBLOC GROUP;0.096242%
MANPOWERGROUP;0.095896%
OSRAM LICHT;0.095849%
HERBALIFE NUTRITION;0.095773%
JABIL CIRCUIT;0.095325%
PHOENIX GROUP HOLDINGS;0.095148%
NUTANIX A;0.094596%
CIRRUS LOGIC;0.094548%
LEGGETT & PLATT;0.094508%
CABOT MICROELECTRONICS;0.094281%
GRAPHIC PACKAGING HLDGS;0.094044%
PENN NATIONAL GAMING;0.093857%
HEALTHCARE REALTY TRUST;0.093657%
BLUEBIRD BIO;0.093639%
KEMPER;0.093467%
FLOOR & DECOR HOLDINGS A;0.093403%
MORPHOSYS;0.093343%
WENDYS;0.093328%
TECAN GROUP;0.093270%
WOODWARD;0.093019%
FASTIGHETS AB BALDER B;0.092872%
DESCARTES SYSTEMS GROUP;0.092750%
LOGMEIN;0.092633%
BELLWAY;0.092542%
SOUTHWEST GAS HLDGS;0.092183%
MIDDLEBY CORP;0.091866%
HIGHWOODS PROPERTIES;0.091617%
LITTELFUSE;0.091400%
TOROMONT INDUSTRIES;0.090947%
EQUITY COMMONWEALTH;0.090893%
TOMRA SYSTEMS;0.090487%
STAG INDUSTRIAL;0.090381%
ROYAL UNIBREW;0.090346%
TOLL BROTHERS;0.090056%
DERWENT LONDON;0.089926%
SILICON LABORATORIES;0.089881%
TATE & LYLE;0.089426%
PURE STORAGE;0.089394%
TOPBUILD CORP;0.089344%
ICU MEDICAL;0.089322%
NEXSTAR MEDIA GROUP A;0.089134%
ASR NEDERLAND;0.088959%
FRONTDOOR;0.088828%
EMERGENT BIOSOLUTIONS;0.088717%
ATLAS ARTERIA;0.088493%
CORELOGIC;0.088460%
ELEKTA B;0.088356%
CREDIT ACCEPTANCE CORP;0.088336%
STARWOOD PROPERTY TRUST;0.088306%
AMS;0.088151%
QUALYS;0.088089%
HANOVER INSURANCE GROUP;0.088049%
TAPESTRY;0.088048%
QTS REALTY TRUST A;0.088039%
FIRST FINL BANKSHARES;0.087657%
L BRANDS;0.087376%
HUHTAMAKI;0.087316%
EXPONENT;0.087276%
CARTER HOLDINGS;0.087057%
ENVESTNET;0.086863%
NEWMARKET CORP;0.086551%
WRIGHT MEDICAL GROUP NV;0.086208%
SYNEOS HEALTH;0.086134%
PEGASYSTEMS;0.086121%
ULTRAGENYX PHARMA;0.086042%
NEVRO;0.085955%
HUDSON PACIFIC PPTYS;0.085936%
DARLING INGREDIENTS;0.085820%
MARRIOTT VACATIONS WORLD;0.085808%
GLACIER BANCORP;0.085720%
CONVATEC GROUP;0.085576%
NEKTAR THERAPEUTICS;0.085538%
FIRST SOLAR;0.085360%
STRATEGIC EDUCATION;0.085191%
NEOGEN CORP;0.085112%
POPULAR;0.085028%
INTEGRA LIFESCIENCES;0.084885%
GLOBAL BLOOD THERAPEUTIC;0.084509%
DXC TECHNOLOGY;0.084183%
ABCAM;0.084050%
SPECTRIS;0.084020%
HUNTSMAN CORP;0.083931%
UNITED BANKSHARES;0.083902%
SPIRE;0.083871%
WESTERN ALLIANCE BANCORP;0.083593%
SARACEN MINERAL HOLDINGS;0.083584%
BELIMO HOLDING;0.083255%
REXNORD CORP;0.083159%
TEXAS PACIFIC LAND TRUST;0.082996%
HANESBRANDS;0.082783%
J2 GLOBAL;0.082587%
JBG SMITH PROPERTIES;0.082575%
Q2 HOLDINGS;0.082450%
BLACKLINE;0.082328%
NOVANTA;0.082322%
ACUITY BRANDS;0.082054%
IG GROUP HOLDINGS;0.082053%
ASHLAND GLOBAL HOLDINGS;0.081812%
EMCOR GROUP;0.081796%
ARMSTRONG WORLD IND;0.081757%
AGCO CORP;0.081647%
WINGSTOP;0.080892%
BRIXMOR PROPERTY GROUP;0.080792%
TRAVIS PERKINS;0.080589%
DECHRA PHARMACEUTICALS;0.080419%
ELECTROCOMPONENTS;0.079894%
VALMET CORPORATION;0.079559%
COHERENT;0.079397%
INDUTRADE;0.079264%
JANUS HENDERSON;0.079098%
FLOWSERVE CORP;0.079088%
VALVOLINE;0.079005%
GALENICA SANTE;0.078933%
PERFORMANCE FOOD GROUP;0.078817%
TEXAS ROADHOUSE A;0.078530%
SEMTECH CORP;0.078301%
HARLEY-DAVIDSON;0.078245%
EVOTEC BIOSYSTEMS;0.078227%
MOMENTA PHARMACEUTICALS;0.077613%
TERRENO REALTY CORP;0.077590%
STAMPS.COM;0.077529%
SL GREEN REALTY CORP;0.077208%
PHYSICIANS REALTY TRUST;0.077114%
NEW RELIC;0.076954%
WAREHOUSES DE PAUW;0.076891%
AMPLIFON;0.076781%
ENVISTA HOLDINGS;0.076762%
BEYOND MEAT;0.076722%
TAG IMMOBILIEN;0.076584%
RBC BEARINGS INC;0.076520%
BLUEPRINT MEDICINES;0.076420%
FISCHER (GEORG);0.076305%
STIFEL FINANCIAL CORP;0.076244%
BLOCK (H&R);0.076237%
ESSENT GROUP;0.076020%
PVH CORP;0.075878%
TRELLEBORG B;0.075854%
STANTEC;0.075811%
TAIYO YUDEN CO;0.075810%
KINAXIS INC;0.075684%
AIR LEASE CORP A;0.075572%
RADIAN GROUP;0.075427%
FRESHPET;0.075294%
FASTLY A;0.075248%
LATTICE SEMICONDUCTOR;0.075243%
MATTEL;0.075089%
TECHNIPFMC;0.075010%
IRHYTHM TECHNOLOGIES;0.074800%
HASEKO CORP;0.074799%
QUBE HOLDINGS;0.074719%
ASGN INCORPORATED;0.074704%
REATA PHARMACEUTICALS A;0.074616%
FIRSTSERVICE CORP(NEW);0.074481%
LIVERAMP HOLDINGS;0.074441%
NEW JERSEY RESOURCES;0.074312%
COFINIMMO;0.074269%
REGAL BELOIT CORP;0.074262%
COGENT COMMU HOLDINGS;0.074055%
MERLIN PROPERTIES SOCIMI;0.073579%
AFFILIATED MANAGERS GRP;0.073472%
UNUM GROUP;0.073404%
WEIR GROUP;0.073141%
SKYLARK HOLDINGS CO;0.072733%
AMICUS THERAPEUTICS;0.072630%
ALAMOS GOLD;0.072613%
POWER INTEGRATIONS;0.072589%
HISCOX;0.072585%
BRIGHTHOUSE FINANCIAL;0.072505%
CAPCOM CO;0.072315%
ARROWHEAD PHARMA;0.072312%
AGIOS PHARMACEUTICALS;0.072217%
NUVASIVE;0.072095%
ACI WORLDWIDE;0.072059%
UNITE GROUP;0.072032%
TEMPUR SEALY INTL;0.071824%
BALCHEM CORP;0.071441%
HALOZYME THERAPEUTICS;0.071406%
PROTO LABS;0.071377%
KINSALE CAPITAL GROUP;0.071326%
AZBIL CORP;0.071143%
RLI CORP;0.071124%
BAKKAFROST;0.071012%
ANSELL;0.070997%
COMSYS HOLDINGS;0.070962%
NICHIREI CORP;0.070793%
PINNACLE FINL PARTNERS;0.070690%
SPIRIT REALTY (NEW);0.070637%
IOVANCE BIOTHERAPEUTICS;0.070635%
FABEGE;0.070127%
NEW RESIDENTIAL INV;0.070060%
SELECTIVE INSURANCE GRP;0.069938%
QUILTER;0.069926%
AXIS CAPITAL HOLDINGS;0.069888%
RAYONIER;0.069660%
IMI;0.069586%
VERINT SYSTEMS;0.069520%
NOKIAN RENKAAT;0.069487%
ELEMENT FLEET MANAGEMENT;0.069451%
HELVETIA HOLDING;0.069370%
CHARTER HALL GROUP;0.069270%
BLACKSTONE MORTGAGE A;0.069229%
XEROX CORP;0.069133%
HEXCEL CORP;0.068908%
COMMUNITY BANK SYSTEM;0.068701%
FOOT LOCKER;0.068636%
VALLEY NATIONAL BANCORP;0.068634%
GAMES WORKSHOP GROUP;0.067941%
BROOKS AUTOMATION;0.067603%
WR GRACE & CO;0.067557%
TREEHOUSE FOODS;0.067485%
MAPLETREE INDL TRUST;0.067451%
SPROUTS FARMERS MARKET;0.067326%
CHOICE HOTELS INTL;0.067254%
AMERICAN STATES WATER CO;0.067247%
ALTIUM;0.067080%
MGIC INVESTMENT;0.066939%
IBIDEN CO;0.066903%
BEAZLEY;0.066737%
LANCASTER COLONY CORP;0.066719%
CEMBRA MONEY BANK;0.066669%
JB HI-FI;0.066519%
FIRST HORIZON NATIONAL;0.066445%
TRITAX BIG BOX REIT;0.066436%
ARENA PHARMACEUTICALS;0.066118%
AGREE REALTY CORP;0.065990%
ANIXTER INTERNATIONAL;0.065953%
BLACKBAUD;0.065895%
ROTORK;0.065770%
SYNOVUS FINANCIAL CORP;0.065465%
ROHTO PHARMACEUTICAL CO;0.065454%
SLM CORP (NEW);0.065429%
SAIA;0.065415%
FIREEYE;0.065357%
SABRA HEALTH CARE REIT;0.065294%
WYNDHAM DESTINATIONS;0.065253%
FIRSTCASH;0.065169%
BOX A;0.065151%
ORMAT TECHNOLOGIES;0.064909%
NATERA;0.064806%
TIMKEN;0.064561%
DIALOG SEMICONDUCTOR;0.064530%
CORPORATE OFFICE PPTYS;0.064525%
IRIDIUM COMMUNICATIONS;0.064389%
WHITE MOUNTAINS INS;0.064318%
CHANGE HEALTHCARE;0.064284%
SIGNIFY;0.063976%
SUNRISE COMMUNICATIONS;0.063884%
OMNICELL;0.063863%
ASOS;0.063828%
VIAVI SOLUTIONS;0.063767%
BANK OZK;0.063579%
AALBERTS;0.063538%
UBI BANCA;0.063387%
SWECO B;0.063380%
GENUS;0.063333%
FOX FACTORY HOLDING CORP;0.063313%
MATSUMOTOKIYOSHI HLDGS;0.063308%
VITASOY INTL HOLDINGS;0.063273%
CONTACT ENERGY;0.063022%
HMS HOLDINGS CORP;0.062883%
UFP INDUSTRIES;0.062858%
TRAINLINE;0.062788%
ALLREAL HOLDING;0.062531%
BE SEMICONDUCTOR IND;0.062261%
ENERGIZER (NEW);0.062201%
BORAL;0.062068%
BOLSAS Y MERCADOS ESPANO;0.062062%
ENERSYS;0.062048%
MIRATI THERAPEUTICS;0.061988%
AVNET;0.061941%
UNIFIRST CORP;0.061904%
ALLOGENE THERAPEUTICS;0.061837%
FLUGHAFEN ZUERICH;0.061747%
PTC THERAPEUTICS;0.061696%
ANRITSU CORP;0.061631%
KB HOME;0.061220%
MAN GROUP;0.061201%
NOVAVAX;0.061183%
TFI INTERNATIONAL;0.061113%
EHEALTH;0.060946%
PS BUSINESS PARKS;0.060824%
LOUISIANA-PACIFIC CORP;0.060712%
INDUSTRIAL & INFRA;0.060649%
NET ONE SYSTEMS CO;0.060573%
MERITAGE HOMES CORP;0.060567%
EPR PROPERTIES;0.060448%
PROSIEBEN SAT1 MEDIA;0.060376%
CRANE CO;0.060302%
GERRESHEIMER;0.060297%
ITALGAS;0.060166%
JOHN BEAN TECHNOLOGIES;0.060122%
FEVERTREE DRINKS;0.060122%
UNIVAR SOLUTIONS;0.060084%
NIHON KOHDEN CORP;0.059919%
TIETOEVRY;0.059870%
SNC-LAVALIN GROUP;0.059833%
COLFAX CORP;0.059682%
ALPS ALPINE CO;0.059648%
FIBROGEN;0.059399%
CRISPR THERAPEUTICS;0.059202%
MSG SPORTS A;0.059195%
AEDIFICA;0.059190%
LIFCO B;0.059182%
CLEANAWAY WASTE MGMT;0.059156%
ISS;0.059013%
ALKERMES;0.058986%
DOMETIC GROUP;0.058973%
NIPPON ACCOMMODATIONS;0.058968%
HAIN CELESTIAL GROUP;0.058963%
WEBSTER FINANCIAL CORP;0.058958%
VARONIS SYSTEMS;0.058856%
REDFIN;0.058825%
INMOBILIARIA COLONIAL;0.058703%
VISCOFAN;0.058632%
CANNAE;0.058513%
TAUBMAN CENTERS;0.058477%
WD-40 CO;0.058453%
IDORSIA;0.058341%
DIPLOMA;0.058182%
MEDPACE HOLDINGS;0.058169%
INTEGER HOLDINGS CORP;0.058126%
UMPQUA HOLDINGS CORP;0.058120%
MIMECAST;0.057927%
BANK HAWAII CORP;0.057919%
SILGAN HOLDINGS;0.057850%
SALMAR;0.057828%
CARSALES.COM.AU;0.057825%
REXEL;0.057766%
ADEVINTA;0.057765%
CVB FINANCIAL CORP;0.057445%
SANDERSON FARMS;0.057282%
ADVANCED ENERGY IND;0.057211%
DOMINO'S PIZZA ENT;0.057200%
NEOGENOMICS;0.057191%
NATL HEALTH INVESTORS;0.056836%
ACACIA COMMUNICATIONS;0.056814%
SEKISUI HOUSE REIT;0.056712%
INCHCAPE PLC;0.056616%
SSR MINING;0.056536%
IWG;0.056402%
MICROPORT SCI (HK);0.056292%
ITRON;0.056291%
PARK HOTELS & RESORTS;0.056266%
SIGNATURE AVIATION;0.056251%
TAYLOR MORRISON HOME;0.056218%
BUILDERS FIRSTSOURCE;0.056126%
STERLING BANCORP (NEW);0.056121%
SHENANDOAH TELECOMMUN CO;0.056102%
NETWORK INTERNATIONAL;0.056052%
SPIRIT AEROSYSTEMS A;0.056015%
AARON'S INC;0.056009%
MASTEC;0.055938%
NCR CORP;0.055919%
CHEMOCENTRYX;0.055893%
INSMED;0.055881%
ELEMENT SOLUTIONS;0.055822%
NANKAI ELECTRIC RAILWAY;0.055653%
ASSURED GUARANTY;0.055575%
VALMONT INDUSTRIES;0.055536%
LEXINGTON REALTY TRUST;0.055361%
LCI INDUSTRIES;0.055349%
WINTRUST FINANCIAL CORP;0.055319%
FNB CORP;0.055307%
CRACKER BARREL;0.055064%
ILUKA RESOURCES;0.054983%
FABRINET;0.054847%
NETCOMPANY GROUP;0.054751%
BRITVIC;0.054722%
TRINET GROUP;0.054718%
TEGNA;0.054705%
TP ICAP;0.054663%
MARKS & SPENCER GROUP;0.054655%
TOKYO TATEMONO CO;0.054611%
UMB FINANCIAL CORP;0.054610%
GROCERY OUTLET HOLDING;0.054610%
GRAINGER;0.054542%
CANCOM;0.054528%
HAYS;0.054517%
STOREBRAND;0.054515%
PREMIER A;0.054332%
TERADATA;0.054296%
BILLERUDKORSNAS;0.054178%
SPS COMMERCE;0.054138%
INDEPENDENT BANK (MA);0.053733%
CRANSWICK;0.053692%
ELDORADO RESORTS;0.053629%
CAPRI HOLDINGS;0.053588%
K'S HOLDINGS CORP;0.053543%
ADDTECH B;0.053512%
ALTEN;0.053493%
NOF CORP;0.053409%
YETI HOLDINGS;0.053396%
THULE GROUP;0.053341%
ASSURA;0.053294%
ENTRA;0.053165%
POLYONE CORP;0.053085%
BAWAG GROUP;0.053027%
RAPID7;0.053001%
POTLATCHDELTIC CORP;0.052885%
BOTTOMLINE TECHNOLOGIES;0.052787%
AXFOOD;0.052724%
HOME BANCSHARES;0.052593%
PRIMARY HEALTH PROP;0.052522%
ALSTRIA OFFICE REIT;0.052422%
ADVANCED DRAINAGE SYSTEM;0.052395%
LIVEPERSON;0.052349%
2U;0.052344%
BANCORPSOUTH;0.052222%
GREGGS;0.052201%
KENNAMETAL;0.052196%
UDG HEALTHCARE;0.052146%
KENEDIX OFFICE INV CORP;0.052124%
DICKS SPORTING GOODS;0.052123%
WEINGARTEN REALTY;0.052099%
PAPA JOHNS INTERNATIONAL;0.052008%
MONEYSUPERMARKET.COM;0.051919%
SUSHIRO GLOBAL HLDGS;0.051910%
WIENERBERGER;0.051910%
ALS;0.051878%
GIBSON ENERGY;0.051765%
OLD NATIONAL BANCORP;0.051721%
INTERPUMP GROUP;0.051673%
KYOWA EXEO CORP;0.051654%
ACADIA HEALTHCARE;0.051588%
APPEN;0.051486%
AUTONATION;0.051484%
APPLE HOSPITALITY REIT;0.051344%
COLUMBIA SPORTSWEAR CO;0.051333%
QUAKER CHEMICAL CORP;0.051182%
EVERCORE PARTNERS;0.051051%
APPLIED INDUSTRIAL TECH;0.050986%
GLANBIA;0.050981%
ASHMORE GROUP;0.050880%
AAON;0.050840%
NETLINK NBN TRUST;0.050809%
IBERIABANK CORP;0.050781%
ALLIANCE DATA SYSTEMS;0.050754%
TURNING POINT;0.050649%
KAGOME CO;0.050545%
GRENKE;0.050448%
INGEVITY CORP;0.050413%
CARGURUS A;0.050320%
VONAGE HOLDINGS;0.050320%
JAPAN LOGISTICS FUND;0.050299%
SANKYU;0.050282%
HELMERICH & PAYNE;0.050244%
FIRST HAWAIIAN;0.050236%
BENDIGO & ADELAIDE BANK;0.050198%
WIHLBORGS FASTIGHETER;0.050075%
CENTERRA GOLD;0.050060%
NIHON UNISYS;0.050058%
ASSOCIATED BANC-CORP;0.050047%
CALIFORNIA WATER SERVICE;0.050044%
SVMK;0.049992%
ALARM.COM HOLDINGS;0.049982%
DENALI THERAPEUTICS;0.049944%
FREENET;0.049936%
CORBION;0.049910%
NOVAGOLD RESOURCES;0.049909%
MERIT MEDICAL SYSTEMS;0.049760%
GAP;0.049707%
FINNING INTL;0.049598%
CLOUDERA;0.049523%
COMFORTDELGRO;0.049499%
ORORA;0.049328%
ENSIGN GROUP (THE);0.049282%
TECHNOPRO HOLDINGS;0.049097%
SAWAI PHARMA CO;0.049089%
ACCIONA;0.049086%
ESCO TECHNOLOGIES;0.049062%
ACTIVIA PROPERTIES;0.049050%
KINDEN CORP;0.048993%
INOVIO PHARMACEUTICALS;0.048742%
CA IMMOBILIEN ANLAGEN;0.048721%
UNIQURE (US);0.048471%
WATTS WATER TECHNOLOGIES;0.048452%
CNO FINANCIAL GROUP;0.048436%
BALFOUR BEATTY;0.048426%
JOHN LAING GROUP;0.048419%
VICTREX;0.048376%
ABM INDUSTRIES;0.048363%
PENNYMAC FINL SERVICES;0.048318%
MACQUARIE INFRA CORP;0.048214%
SINCH;0.048168%
EZAKI GLICO CO;0.048089%
VISTRY GROUP;0.048086%
RATIONAL;0.048063%
EBARA CORP;0.048061%
SYNAPTICS;0.047975%
LONDONMETRIC PROPERTY;0.047961%
AXSOME THERAPEUTICS;0.047940%
SENSIENT TECHNOLOGIES;0.047869%
PREMIUM BRANDS HOLDINGS;0.047833%
HOWARD HUGHES CORP (THE);0.047782%
IROBOT CORP;0.047769%
AF POYRY;0.047714%
CHORUS;0.047658%
OZ MINERALS;0.047620%
SOTETSU HOLDINGS;0.047615%
CLEVELAND CLIFFS;0.047598%
S.O.I.T.E.C.;0.047551%
DIODES;0.047454%
MINERAL RESOURCES;0.047383%
EXLSERVICE HOLDINGS;0.047369%
CONMED CORP;0.047357%
PIEDMONT OFF RLTY TRU A;0.047288%
MORI HILLS REIT INV CO;0.047266%
BEIJER REF B;0.047191%
LENDINGTREE INC A;0.047140%
OUTFRONT MEDIA;0.047119%
AMN HEALTHCARE SERVICES;0.046964%
VISTEON CORP;0.046861%
BRINK'S CO (THE);0.046803%
NU SKIN ENTERPRISES A;0.046712%
PRESTIGE CONSUMER HEALTH;0.046655%
EXTENDED STAY AMERICA;0.046619%
SAILPOINT TECH HLDGS;0.046597%
COMMERCIAL METALS CO;0.046569%
PACWEST BANCORP;0.046555%
NETSCOUT SYSTEMS;0.046503%
NATIONAL VISION HOLDINGS;0.046499%
ATRICURE INC;0.046480%
CORNERSTONE ONDEMAND;0.046427%
KEWPIE CORP;0.046305%
SABRE;0.046154%
APELLIS PHARMACEUTICALS;0.046068%
HANNON ARMSTRONG;0.046042%
NORDIC ENTMT GROUP B;0.046019%
ANGES;0.045945%
ROGERS CORP;0.045868%
NEL;0.045796%
CATHAY BANCORP;0.045716%
TOWER SEMICONDUCTOR;0.045626%
HOUSE FOODS GROUP;0.045610%
CLOSE BROTHERS GROUP;0.045603%
WASHINGTON FEDERAL;0.045466%
TELEPHONE & DATA (NEW);0.045452%
INVITAE;0.045410%
NEW INVESTORS BANCORP;0.045384%
SUNSTONE HOTEL;0.045342%
CROCS INC;0.045318%
COMMSCOPE HOLDING CO;0.045154%
BIG YELLOW GROUP;0.045135%
FRANKLIN ELECTRIC CO;0.045129%
SOFTWARE;0.045106%
FIRST CITIZENS BANCSHS A;0.045060%
ALTRA INDUSTRIAL MOTION;0.045041%
SSP GROUP;0.045031%
ZENKOKU HOSHO;0.045019%
INSPERITY;0.044883%
ROYAL MAIL GROUP;0.044752%
CENTERSTATE BANK CORP;0.044720%
INFRATIL;0.044718%
BANDWIDTH A;0.044651%
J & J SNACK FOODS CORP;0.044607%
DENKA CO;0.044526%
SOPRA STERIA GROUP;0.044506%
BRAVIDA HOLDING;0.044468%
DOMINO'S PIZZA GROUP;0.044458%
SPECTRUM BRANDS;0.044383%
WORLEY;0.044371%
MACY'S;0.044343%
TENET HEALTHCARE CORP;0.044337%
DIC CORP;0.044327%
DKSH HOLDING;0.044292%
FIRST MAJESTIC SILVER;0.044292%
STEPAN CO;0.044229%
BANCO BPM;0.044164%
RINGKJOEBING LANDBOBANK;0.044097%
FULLER (H.B.) CO;0.044096%
HILLENBRAND (NEW);0.044090%
J FRONT RETAILING;0.043981%
COMPUGROUP MEDICAL;0.043980%
STEADFAST GROUP;0.043977%
AURUBIS;0.043897%
KORNIT DIGITAL;0.043885%
AMERICAN EQUITY INV HLDG;0.043752%
GATX CORP;0.043699%
INTEGRAFIN HOLDINGS;0.043678%
HANCOCK WHITNEY CORP;0.043672%
FRASERS LOGISTICS & COMM;0.043632%
TRI POINTE GROUP;0.043621%
ALACER GOLD;0.043578%
AMBARELLA;0.043570%
SIMMONS FIRST NATL A;0.043525%
DORMAN PRODUCTS;0.043511%
STEVEN MADDEN;0.043479%
INTERCEPT PHARMA;0.043448%
FORMFACTOR;0.043239%
KORIAN;0.043108%
FATE THERAPEUTICS;0.043066%
TRINITY INDUSTRIES;0.043032%
NIFCO JAPAN;0.042962%
KAR AUCTION SERVICES;0.042901%
GREAT PORTLAND ESTATES;0.042867%
LASALLE LOGIPORT REIT;0.042786%
EASTERLY GOVERNMENT PPTY;0.042751%
INNOSPEC;0.042695%
SPIE;0.042670%
SANMINA CORPORATION;0.042639%
BALLARD POWER SYSTEMS;0.042566%
CIT GROUP;0.042500%
SPIRENT COMMUNICATIONS;0.042486%
REGIS RESOURCES;0.042400%
RYDER SYSTEM;0.042396%
EUTELSAT COMMUNICATIONS;0.042389%
DANA;0.042388%
LOOMIS B;0.042335%
PLEXUS CORP;0.042332%
AVANZA BANK;0.042321%
GREEN DOT CORP A;0.042285%
PACIFIC PREMIER BANCORP;0.042271%
MANI;0.042265%
MOBIMO HOLDING;0.042258%
HECLA MINING CO;0.042224%
BEZEQ ISRAEL TELECOM;0.042155%
TOPDANMARK;0.042101%
PROGRESS SOFTWARE;0.042074%
MASMOVIL IBERCOM;0.042042%
IGO;0.042012%
STILLFRONT GROUP;0.041967%
VARTA;0.041943%
BARNES GROUP;0.041837%
RYMAN HOSPITALITY PROP;0.041725%
HORIBA;0.041603%
EMMI;0.041570%
GOODYEAR TIRE & RUBBER;0.041532%
SHO BOND HOLDINGS CO;0.041510%
KENNEDY-WILSON HOLDINGS;0.041394%
ENDEAVOUR MINING;0.041390%
BOYD GAMING CORP;0.041382%
ENGHOUSE SYSTEMS;0.041376%
MONRO;0.041259%
SEINO HOLDINGS CO;0.041220%
PEBBLEBROOK HOTEL TRUST;0.041185%
SAGE THERAPEUTICS;0.041111%
NATIONAL STORAGE;0.041095%
SIX FLAGS ENTMT CORP;0.041054%
SAFESTORE HOLDINGS;0.041011%
ARCOSA;0.040980%
MDC HOLDINGS;0.040962%
WINNEBAGO INDUSTRIES;0.040917%
FLETCHER BUILDING;0.040888%
HILTON GRAND VACATIONS;0.040885%
CARETRUST REIT;0.040883%
ATLANTIC UNION BANKSHRS;0.040850%
COMMVAULT SYSTEMS;0.040832%
DOWNER EDI;0.040730%
BANKUNITED;0.040715%
PRIMO WATER CORP (NEW);0.040714%
INSPIRE MEDICAL SYSTEMS;0.040690%
SMITH (WH);0.040687%
GRAFTON GROUP;0.040636%
INSIGHT ENTERPRISES;0.040627%
LGI HOMES;0.040625%
WASHINGTON REAL ESTATE;0.040554%
AZIMUT HOLDING;0.040551%
ADTALEM GLOBAL EDUCATION;0.040478%
MICRO FOCUS INTL;0.040452%
BANK OF IRELAND GROUP;0.040409%
EVERTEC;0.040378%
BANCO SABADELL;0.040376%
G4S;0.040370%
FULTON FINANCIAL CORP;0.040293%
WILEY (JOHN) & SONS A;0.040284%
HEALTHCARE SERVICES GRP;0.040242%
SCREEN HOLDINGS CO;0.040209%
BADGER METER;0.040190%
IAMGOLD CORP;0.040164%
SMS CO;0.040159%
SPX CORP (NEW);0.040076%
SOUTH STATE CORP;0.040049%
PACIRA BIOSCIENCES;0.040016%
COLUMBIA BANKING SYSTEM;0.039939%
COMFORIA RESIDEN REIT;0.039922%
WOLVERINE WORLD WIDE;0.039873%
REPLY;0.039873%
DORMAKABA HOLDING;0.039849%
WOOD GROUP (JOHN);0.039766%
FEDERAL SIGNAL CORP;0.039636%
BRANDYWINE REALTY TRUST;0.039553%
TOKAI CARBON CO;0.039482%
RLJ LODGING TRUST;0.039413%
CREDIT SAISON CO;0.039410%
RAMBUS;0.039224%
CHALLENGER;0.039217%
BAVARIAN NORDIC;0.039195%
EQUITRANS MIDSTREAM CORP;0.039135%
CINEMARK HOLDINGS;0.039078%
TENABLE HOLDINGS;0.039078%
SELECT MED HLDGS CORP;0.039009%
PATTERSON COS;0.038925%
GAZTRANSPORT ET TECHNIGA;0.038905%
VONTOBEL HOLDING;0.038903%
REDROW;0.038677%
MINERALS TECHNOLOGIES;0.038639%
ALLIED PROPERTIES REIT;0.038565%
TGS NOPEC GEOPHYSICAL CO;0.038451%
INTERNATIONAL BANCSHARES;0.038430%
SHAKE SHACK A;0.038414%
INTERDIGITAL;0.038344%
STAR ENTERTAINMENT GROUP;0.038283%
KORN FERRY INTERNATIONAL;0.038202%
BARCO;0.038037%
CARDLYTICS;0.038005%
LIGAND PHARMACEUTICALS B;0.037934%
BKW;0.037864%
TRITON INTERNATIONAL;0.037514%
BOK FINANCIAL CORP;0.037447%
INNERGEX RENEWABLE ENER;0.037423%
JCR PHARMACEUTICALS CO;0.037415%
TERRAFORM POWER A;0.037380%
CANTEL MEDICAL CORP;0.037333%
EVOQUA WATER TECH;0.037298%
ASICS CORP;0.037271%
PRETIUM RESOURCES;0.037266%
OC OERLIKON CORP;0.037239%
INFOMART CORP;0.037210%
KONICA MINOLTA;0.037159%
ENSTAR GROUP;0.037120%
COMPASS MINERALS INTL;0.037103%
CORCEPT THERAPEUTICS;0.037100%
LANCASHIRE HOLDINGS;0.036950%
SHIP HEALTHCARE HOLDINGS;0.036934%
COUNTRYSIDE PROPERTIES;0.036923%
MORNEAU SHEPELL;0.036879%
RELIANCE WORLDWIDE;0.036878%
FURUKAWA ELECTRIC CO;0.036790%
CHIMERA INVESTMENT;0.036784%
MASONITE INTERNATIONAL;0.036774%
HUGO BOSS;0.036765%
SAVILLS;0.036671%
NIC;0.036662%
PROS HOLDINGS;0.036654%
IDP EDUCATION;0.036630%
INSTALLED BUILDING;0.036610%
OPEN HOUSE;0.036503%
MARSHALLS;0.036489%
MORINAGA & CO;0.036430%
TOYO SEIKAN GROUP HLDGS;0.036357%
CIMPRESS;0.036354%
MAGELLAN HEALTH;0.036331%
KAKEN PHARMACEUTICAL CO;0.036323%
BANK OF QUEENSLAND;0.036314%
SCA PROPERTY GROUP;0.036305%
ARTISAN PARTNERS ASSET;0.036238%
JYSKE BANK;0.036214%
SAMHALLSBYGGNADSBOLAGE B;0.036185%
DOWA HOLDINGS CO;0.036173%
SIEGFRIED HOLDING;0.036173%
BIOTELEMETRY;0.036127%
SJW GROUP;0.036115%
ALONI HETZ PPTYS & INV;0.036078%
NISHI-NIPPON RAILROAD CO;0.036076%
COLLIERS INTERNATIONAL;0.036065%
GENWORTH FINANCIAL A;0.036028%
BMC STOCK HOLDINGS;0.036021%
BANCA GENERALI;0.036013%
HERON THERAPEUTICS;0.036000%
NIPRO CORP;0.035950%
AIN HOLDINGS;0.035920%
ALLAKOS;0.035903%
FUTURE;0.035865%
MABUCHI MOTOR CO;0.035860%
YELP A;0.035835%
BORALEX A;0.035829%
TSUMURA & CO;0.035819%
AMERIS BANCORP;0.035792%
PRA GROUP;0.035779%
SERVISFIRST BANCSHARES;0.035658%
AEON REIT INVESTMENT;0.035613%
DAIWA SECURITIES LIVING;0.035575%
GLAUKOS;0.035401%
ADIENT;0.035393%
SANWA HOLDINGS CORP;0.035379%
PLUS500;0.035365%
BRP INC SV;0.035361%
MORINAGA MILK INDUSTRY;0.035340%
BELDEN;0.035327%
CSG SYSTEMS INTL;0.035300%
AMERICAN EAGLE OUTFITTER;0.035268%
ONTO INNOVATION;0.035266%
ONESAVINGS BANK;0.035149%
KEYWORDS STUDIOS;0.035112%
NEW SALLY HOLDING;0.035100%
XENCOR;0.035092%
CAVCO INDUSTRIES;0.034971%
FOUR CORNERS PPTY TRUST;0.034943%
WORKIVA A;0.034883%
NATIONAL EXPRESS GROUP;0.034832%
EDGEWELL PERSONAL CARE;0.034813%
B&G FOODS;0.034797%
CAPITOL FEDERAL FINL;0.034784%
KONECRANES;0.034781%
WESTAMERICA BANCORP;0.034742%
AURORA CANNABIS;0.034740%
COLUMBIA PROPERTY TRUST;0.034737%
SANDSTORM GOLD;0.034721%
PAGEGROUP;0.034689%
GB GROUP;0.034683%
CAPITAL & COUNTIES PROP;0.034681%
WILLIAM HILL;0.034662%
ST BARBARA;0.034660%
UNITED COMMUNITY BANKS;0.034653%
FIRST MERCHANTS CORP;0.034564%
GOODMAN PROPERTY TRUST;0.034470%
HUB GROUP A;0.034452%
FORBO HOLDING;0.034440%
VIRGIN MONEY UK;0.034371%
MAPLE LEAF FOODS;0.034277%
SUMITOMO FORESTRY CO;0.034250%
TOKYO OHKA KOGYO;0.034245%
WEST FRASER TIMBER;0.034237%
XPERI HOLDING CORP;0.034175%
AICA KOGYO COMPANY;0.034169%
STELLA-JONES;0.034033%
ZOGENIX;0.034024%
HOSTESS BRANDS A;0.033950%
HULIC REIT;0.033934%
PEAB B;0.033905%
CANADIAN WESTERN BANK;0.033832%
EDITAS MEDICINE;0.033824%
SINGAPORE PRESS HLDG;0.033759%
ALSO HOLDING;0.033757%
SCATEC SOLAR;0.033750%
AS ONE CORP;0.033698%
PRINCIPIA BIOPHARMA;0.033674%
ALTAIR ENGINEERING A;0.033657%
KEMET CORP;0.033634%
FRONTIER REAL ESTATE INV;0.033583%
KENEDIX RESI NEXT INV;0.033544%
SULZER;0.033542%
SPX FLOW;0.033504%
MACOM TECHNOLOGY SOLN;0.033501%
HORACE MANN EDUCATORS;0.033474%
INVINCIBLE INV CORP;0.033449%
YOSHINOYA HOLDINGS CO;0.033445%
MOBILE MINI;0.033428%
MERITOR;0.033414%
CLINIGEN GROUP;0.033402%
TECHNOLOGY ONE;0.033394%
JAPAN EXCELLENT;0.033340%
NAVIENT CORP;0.033334%
SERIA CO;0.033287%
CHART INDUSTRIES;0.033196%
SUNRUN;0.033195%
NINE ENTERTAINMENT;0.033167%
SIMPLY GOOD FOODS;0.033155%
IMMOFINANZ;0.033080%
LTC PROPERTIES;0.033072%
PETS AT HOME GROUP;0.033056%
CHESAPEAKE UTILITIES;0.033046%
LINK ADMN HOLDINGS;0.033035%
NIPPON SHOKUBAI CO;0.032979%
PARAMOUNT GROUP;0.032894%
IRONWOOD PHARMACEUTICALS;0.032857%
BODYCOTE;0.032852%
FAGRON;0.032840%
BIG LOTS;0.032745%
INTERTRUST;0.032742%
8X8;0.032711%
ADDUS HOMECARE CORP;0.032706%
PREMIER INVESTMENT CO;0.032700%
JACK IN THE BOX;0.032690%
TODA CORP;0.032666%
NIPPON GAS CO;0.032616%
MENICON;0.032615%
KYUSHU FINANCIAL GROUP;0.032613%
EBRO FOODS;0.032590%
INNOVATIVE INDL PPTYS A;0.032569%
TG THERAPEUTICS INC;0.032554%
COEUR MINING;0.032512%
TKH GROUP CERT;0.032470%
STRAUSS GROUP;0.032467%
LANDIS & GYR GROUP;0.032451%
DELEK US HOLDINGS INC;0.032437%
ALECTOR;0.032337%
FIRST MIDWEST BANCORP;0.032335%
WSFS FINANCIAL CORP;0.032318%
VERRA MOBILITY A;0.032284%
WESBANCO;0.032262%
NHK SPRING CO;0.032259%
PENTA-OCEAN CONSTRUCTION;0.032256%
GIBRALTAR INDUSTRIES;0.032196%
KODIAK SCIENCES;0.032063%
TEXAS CAPITAL BANCSHARES;0.032062%
TRUSTMARK CORP;0.031999%
NIB HOLDINGS;0.031932%
KULICKE & SOFFA;0.031908%
JUPITER FUND MANAGEMENT;0.031903%
APERAM;0.031884%
AVAYA HOLDINGS;0.031852%
KNOWLES CORP;0.031810%
RENGO CO;0.031779%
ELDORADO GOLD CORP;0.031748%
VALIANT HOLDING;0.031714%
DAIICHIKOSHO CO;0.031652%
ASBURY AUTOMOTIVE GROUP;0.031642%
ASCENTIAL;0.031600%
ZUR ROSE GROUP;0.031584%
CSR;0.031559%
BREVILLE GROUP;0.031504%
INTERROLL HOLDING;0.031481%
MEDNAX;0.031354%
COMFORT SYSTEMS USA;0.031317%
FORWARD AIR CORP;0.031260%
MEDICLINIC INTL;0.031222%
DUNELM GROUP;0.031207%
IVANHOE MINES A;0.031191%
MUELLER WATER PRODUCTS A;0.031184%
MACK-CALI REALTY CORP;0.031159%
AJ BELL;0.031152%
KUNGSLEDEN;0.031106%
DYCOM INDUSTRIES;0.031102%
INOVALON HOLDINGS A;0.030987%
NOLATO B;0.030973%
CALLAWAY GOLF CO;0.030909%
MAPLETREE NORTH ASIA COM;0.030904%
NCC B;0.030846%
SANGAMO THERAPEUTICS;0.030831%
ANTERO MIDSTREAM CORP;0.030818%
DENA CO;0.030814%
HERMAN MILLER;0.030789%
MITSUBISHI LOGISTICS;0.030720%
MCGRATH RENTCORP;0.030700%
DMG MORI CO;0.030681%
ESSENTIAL PROP RLTY TR;0.030612%
AVANOS MEDICAL;0.030595%
NOVA MEASURING INSTR;0.030585%
ZARDOYA OTIS;0.030578%
INDEPENDENT BANK GROUP;0.030521%
AMERICAN ASSETS TRUST;0.030519%
CARDIOVASCULAR SYSTEMS;0.030505%
MELEXIS;0.030470%
LUMINEX CORP;0.030450%
RENASANT CORP;0.030401%
NIPPON KAYAKU CO;0.030384%
SILVER LAKE RESOURCES;0.030330%
MUELLER INDUSTRIES;0.030326%
FIRST INTERSTATE BANC A;0.030319%
ULVAC;0.030266%
TOWNE BANK;0.030245%
NBT BANCORP;0.030192%
SPAREBANK 1 SR BANK;0.030158%
STABILUS;0.030141%
STAAR SURGICAL CO;0.030117%
YEXT;0.030081%
MELCO INTL DEVELOPMENT;0.030045%
BACHEM HOLDING B;0.030034%
BANNER CORP;0.030032%
KBC ANCORA;0.029994%
KEPPEL REIT;0.029987%
VITROLIFE AB;0.029961%
FORTNOX;0.029924%
ST GALLER KANTONALBANK;0.029915%
IRESS;0.029910%
SYNTHOMER;0.029909%
GENTHERM;0.029909%
OCEANAGOLD CORP;0.029889%
D'IETEREN;0.029851%
OSI SYSTEMS;0.029783%
REAL MATTERS;0.029778%
GRANITE REAL ESTATE;0.029769%
BOISE CASCADE CO;0.029754%
CAREDX;0.029743%
FIRST FINANCIAL BANCORP;0.029734%
PORTOLA PHARMACEUTICALS;0.029681%
TWO HARBORS INV CORP;0.029648%
NICHIAS CORP;0.029611%
OFFICE DEPOT;0.029561%
KUSURI NO AOKI HOLDINGS;0.029557%
PLUG POWER;0.029544%
HACHIJUNI BANK;0.029536%
INDUSTRIA MACCHINE AUTOM;0.029508%
ACERINOX;0.029424%
LINAMAR CORP;0.029389%
SUBSEA 7;0.029314%
NEXITY;0.029300%
DICERNA PHARMACEUTICALS;0.029297%
BAPCOR;0.029239%
TAKASHIMAYA CO;0.029230%
NIPPON SUISAN KAISHA;0.029208%
MYCRONIC;0.029205%
CHUGOKU BANK;0.029171%
CIE AUTOMOTIVE;0.029167%
INVESTEC PLC (GB);0.029153%
WESCO INTERNATIONAL;0.029150%
TAKARA BIO;0.029144%
BEFESA;0.029127%
PALOMAR HOLDINGS;0.029123%
CERVED GROUP;0.029028%
TOKYO SEIMITSU CO;0.029005%
SATS;0.028988%
KEMIRA;0.028945%
INTRUM;0.028928%
FLIGHT CENTRE TRAVEL GRP;0.028911%
FRASERS CENTREPOINT TRST;0.028905%
BIC;0.028879%
ATKORE INTERNATIONAL;0.028863%
ACUSHNET HOLDINGS;0.028834%
GLOBAL NET LEASE;0.028777%
NAGASE & CO;0.028759%
BLUE PRISM GROUP;0.028712%
ADO PROPERTIES;0.028645%
GLU MOBILE;0.028636%
GRAY TELEVISION B;0.028594%
ADVERUM BIOTECHNOLOG;0.028567%
APOLLO COMM REAL ESTATE;0.028554%
SKYLINE CHAMPION CORP;0.028546%
ALTUS GROUP;0.028540%
INVESCO OFFICE J REIT;0.028532%
COOPER TIRE & RUBBER CO;0.028488%
KANEKA CORP;0.028483%
WORKSPACE GROUP;0.028472%
INFICON HOLDING;0.028472%
IYO BANK (THE);0.028469%
CHARTER HALL LONG WALE;0.028468%
AURINIA PHARMACEUTICALS;0.028375%
AKEBIA THERAPEUTICS;0.028373%
HKBN;0.028326%
SAPPORO HOLDINGS;0.028286%
RIB SOFTWARE;0.028261%
FLOW TRADERS;0.028258%
INTRA CELLUAR THERAPIES;0.028176%
HAZAMA ANDO CORP;0.028163%
ENLIGHT RENEWABLE ENERGY;0.028142%
SUPERNUS PHARMACEUTICALS;0.028139%
HILL & SMITH HOLDINGS;0.028128%
NIPPON ZEON CO;0.028097%
IWATANI CORP;0.028096%
WAYPOINT REIT;0.028085%
NANOSONICS;0.028050%
RETAIL PROP OF AME A;0.028039%
ARCADIS (NL);0.027969%
URBAN EDGE PROPERTIES;0.027969%
OSISKO GOLD ROYALTIES;0.027954%
OFFICE PPTYS INCOME;0.027944%
STITCH FIX A;0.027915%
RENT-A-CENTER;0.027904%
MAN WAH HOLDINGS;0.027859%
KINDRED GROUP SDR;0.027858%
DAIWABO HOLDINGS CO;0.027840%
HILLTOP HOLDINGS;0.027766%
DUERR;0.027678%
POLYPIPE GROUP;0.027666%
INDUSTRIAL LOGIS PPTYS;0.027663%
SUPERIOR PLUS;0.027650%
ANIMA HOLDING;0.027623%
MONMOUTH REIT A;0.027616%
ENAV;0.027588%
NATIONAL STORAGE REIT;0.027588%
MILBON CO;0.027461%
MORI TRUST SOGO REIT;0.027457%
K & S;0.027381%
AUSNUTRIA DAIRY (HK);0.027352%
MIRACA HOLDINGS;0.027343%
S&T;0.027337%
ICF INTERNATIONAL;0.027325%
SANKYO CO;0.027325%
PHARMAMAR;0.027314%
SHAFTESBURY;0.027303%
MIVNE REAL ESTATE;0.027297%
ENCAVIS;0.027297%
GOLDWIN;0.027287%
CANADA GOOSE HLDGS SV;0.027283%
MEITEC CORP;0.027275%
UNIVERSAL HEALTH REALTY;0.027248%
WALKER AND DUNLOP;0.027210%
VERACYTE;0.027192%
EPIZYME INC;0.027147%
SANNE GROUP;0.027139%
TOREX GOLD RESOURCES;0.027129%
BWP TRUST;0.027117%
WORTHINGTON INDUSTRIES;0.027103%
DIAMONDROCK HOSPITALITY;0.027048%
SERVICE PROPERTIES;0.027005%
AXOS FINANCIAL;0.026934%
MITSUI MINING & SMELTING;0.026932%
BRINKER INTERNATIONAL;0.026876%
ARITZIA SV;0.026868%
LA-Z-BOY;0.026857%
NORTHWEST BANCSHARES;0.026843%
AIXTRON;0.026831%
OSG CORP;0.026799%
KENEDIX;0.026785%
SHUFERSAL;0.026779%
FIRST BANCORP PUERTORICO;0.026776%
CBIZ;0.026775%
SOLARWINDS CORP;0.026751%
WETHERSPOON (J.D.);0.026696%
ARJO B;0.026695%
USHIO;0.026636%
ZUORA A;0.026634%
MAXLINEAR A;0.026581%
TEREX CORP;0.026525%
DIGITAL GARAGE;0.026525%
PATRICK INDUSTRIES;0.026517%
DOMTAR (NEW);0.026514%
AMERISAFE INC;0.026499%
YAMAGUCHI FINANCIAL GRP;0.026479%
SHOCHIKU CO;0.026433%
METHODE ELECTRONICS;0.026373%
MIDDLESEX WATER CO;0.026355%
PENSKE AUTO GROUP;0.026328%
KYUDENKO CORP;0.026304%
PRICESMART;0.026287%
CUSHMAN & WAKEFIELD;0.026284%
VIVA ENERGY;0.026265%
FUJI CORPORATION;0.026260%
TRICON CAPITAL GROUP;0.026236%
WESDOME GOLD MINES;0.026191%
HOPE BANCORP;0.026152%
FAES FARMA;0.026138%
REGENXBIO;0.026136%
AMANO CORP;0.026120%
TTM TECHNOLOGIES;0.026115%
NIKKON HOLDINGS CO;0.026101%
RETAIL OPPORTUNITY INV;0.026100%
WW INTERNATIONAL;0.026069%
TS TECH CO;0.026051%
DELPHI TECHNOLOGIES PLC;0.026004%
TELECOM PLUS PLC;0.025998%
SCHWEITER TECHNOLOGIES;0.025945%
NANOSTRING TECHNOLOGIES;0.025909%
SOSEI GROUP CORP;0.025891%
GS YUASA CORP;0.025876%
PERDOCEO EDUCATION;0.025846%
RUSH ENTERPRISES A;0.025845%
MIRAIT HOLDINGS CORP;0.025810%
PENNYMAC MORTGAGE INV;0.025804%
MONEY FORWARD;0.025800%
AAREAL BANK;0.025776%
HIROSHIMA BANK;0.025771%
VEONEER;0.025743%
NAKANISHI;0.025739%
MANULIFE US REIT;0.025707%
VOCUS GROUP;0.025643%
SEMAFO;0.025614%
JAMES RIVER GROUP HLDG;0.025606%
ADEKA CORP;0.025544%
UNITED NATURAL FOODS;0.025512%
OESTERREICHISCHE POST;0.025496%
MYRIAD GENETICS;0.025456%
TOKYU REIT;0.025426%
TABULA RASA HEALTHCARE;0.025407%
TENNANT CO;0.025274%
MEGMILK SNOW BRAND CO;0.025269%
TWIST BIOSCIENCE;0.025233%
TRANSALTA RENEWABLES INC;0.025229%
TOYOBO CO;0.025226%
THERAVANCE BIOPHARMA;0.025165%
NOS SGPS;0.025164%
TAKARA HLDGS INC;0.025155%
NIPPON SYSTEM DEV;0.025141%
FLSMIDTH & CO B;0.025127%
KADANT;0.025125%
SEACOAST BANKING CORP A;0.025105%
SANDY SPRING BANCORP;0.025092%
GIMV;0.025018%
PRECINCT PROPERTIES;0.025015%
NOK CORP;0.025005%
DRIL-QUIP;0.025001%
REVANCE THERAPEUTICS;0.024992%
PERFICIENT;0.024969%
VEIDEKKE;0.024956%
IZUMI;0.024939%
RICHELIEU HARDWARE;0.024916%
JEOL;0.024890%
APPLUS SERVICES;0.024886%
ALASKA AIR GROUP;0.024876%
CHARTER HALL RETAIL REIT;0.024871%
JM;0.024827%
URBAN OUTFITTERS;0.024795%
IPH;0.024778%
SAFETY INSURANCE GROUP;0.024748%
LIBERTY LATIN AMERICA C;0.024717%
REDES ENERGETICAS NACION;0.024705%
BRUNELLO CUCINELLI SPA;0.024703%
GREAT CANADIAN GAMING CO;0.024689%
SWITCH;0.024672%
INABA DENKISANGYO CO;0.024657%
NMI HOLDINGS;0.024646%
LAKELAND FINANCIAL CORP;0.024641%
FUJI SOFT;0.024564%
ESPERION THERAPEUTICS;0.024546%
RENEWABLE ENERGY GROUP;0.024542%
CSW INDUSTRIALS;0.024512%
GROUP 1 AUTOMOTIVE;0.024489%
NAVISTAR INTERNATIONAL;0.024488%
GUNMA BANK;0.024454%
PARAGON BANKING GROUP;0.024425%
COLONY CAPITAL A;0.024414%
MEGAPORT;0.024408%
NEXANS;0.024381%
ATS AUTOMATION TOOL SYS;0.024368%
GLORY LTD;0.024360%
CANON MARKETING JAPAN;0.024347%
MATERION CORP;0.024302%
HELIOS TECHNOLOGIES;0.024296%
SYDBANK;0.024284%
NUFARM LIMITED;0.024281%
MEDIFAST;0.024280%
KOKUYO CO;0.024276%
PLAYTECH;0.024236%
HNI CORP;0.024212%
PJT PARTNERS A;0.024141%
SYKES ENTERPRISES;0.024129%
MESA LABORATORIES;0.024120%
MAEDA CORP;0.024115%
SUEDZUCKER;0.024065%
ALLSCRIPTS HEALTHCARE;0.024016%
BURFORD CAPITAL;0.023993%
LABRADOR IRON ORE ROYALT;0.023957%
DUSKIN CO;0.023946%
ENERPAC TOOL GRP CORP A;0.023921%
PARK NATIONAL CORP;0.023920%
KARDEX;0.023910%
BREWIN DOLPHIN HOLDINGS;0.023910%
EMPIRE STATE REALTY A;0.023823%
APHRIA;0.023795%
WINPAK;0.023773%
SOLUTIONS 30 SE;0.023737%
MAG SILVER CORP;0.023711%
SPAREBANK 1 SMN;0.023706%
INVOCARE;0.023700%
PERSEUS MINING;0.023696%
CERUS CORP;0.023658%
FLAGSTAR BANCORP;0.023641%
CYTOKINETICS;0.023594%
COHERUS BIOSCIENCES;0.023546%
OPKO HEALTH;0.023536%
HEARTLAND FINANCIAL USA;0.023468%
SHOP APOTHEKE EUROPE;0.023436%
DCM HOLDINGS CO;0.023421%
AMERICAN WOODMARK CORP;0.023414%
NYFOSA;0.023413%
HUBER & SUHNER;0.023403%
NISHIMATSU CONSTRUCTION;0.023400%
VZ HOLDING;0.023396%
BORREGAARD;0.023379%
CADENCE BANCORP A;0.023377%
SHOWA CORPORATION;0.023361%
POWERCELL SWEDEN;0.023360%
ACADIA REALTY TRUST;0.023354%
SCHOUW & CO;0.023335%
JAFCO CO;0.023331%
XENIA HOTELS AND RESORTS;0.023312%
JAPAN MATERIAL;0.023286%
K12;0.023262%
R1 RCM;0.023249%
ARGO GROUP INTERNATIONAL;0.023217%
INDEPENDENCE REALTY TRUS;0.023208%
IOOF HOLDINGS;0.023182%
DFDS;0.023178%
JELD WEN HOLDING;0.023147%
HURON CONSULTING GROUP;0.023119%
MARTEN TRANSPORT;0.023112%
RATHBONE BROTHERS;0.023097%
POLYNOVO;0.023057%
CINEWORLD GROUP;0.023035%
H & R REIT;0.023023%
TRIMAS CORP;0.023014%
SKY CITY ENTERTAINMENT;0.023008%
EAGLE BANCORP;0.023006%
SHIMACHU CO;0.022931%
DAISEKI CO;0.022906%
LINTEC CORP;0.022885%
MALIBU BOATS A;0.022826%
NISSHINBO HLDGS;0.022742%
PIPER SANDLER COMPANIES;0.022734%
LINDSAY MANUFACTURING CO;0.022708%
CITY HOLDING CO;0.022702%
VESUVIUS;0.022698%
ALAMO GROUP;0.022696%
FARO TECHNOLOGIES;0.022679%
BURE EQUITY;0.022672%
SHIFT;0.022648%
RESORTTRUST;0.022624%
KIWI PROPERTY GROUP;0.022619%
VTECH HOLDINGS;0.022615%
ENCORE WIRE CORP;0.022615%
EUROMONEY INSTL INVESTOR;0.022532%
TOHO HLDGS CO;0.022436%
RADWARE (USD);0.022419%
OKUMA CORP;0.022371%
DELUXE CORP;0.022364%
LYNAS CORPORATION;0.022338%
ELDERS;0.022242%
MICROSTRATEGY;0.022240%
BIC CAMERA;0.022237%
LIVENT CORP;0.022216%
TRUSCO NAKAYAMA CORP;0.022212%
EPLUS;0.022197%
HOKUHOKU FINANCIAL GROUP;0.022175%
ONTEX GROUP;0.022101%
MACROGENICS;0.022072%
BANCA MEDIOLANUM;0.022032%
MITSUBISHI ESTATE REIT;0.022032%
IPSOS;0.022028%
SUMITOMO BAKELITE CO;0.022020%
SONOS;0.021938%
PERPETUAL TRUSTEES AUS;0.021886%
HEARTLAND EXPRESS;0.021883%
PROVIDENCE SERVICE CORP;0.021872%
DIXONS CARPHONE;0.021870%
BASIC FIT;0.021844%
PREMIER INVESTMENTS;0.021804%
WEIS MARKETS;0.021781%
NORBORD;0.021771%
KEIHIN CORP;0.021755%
CALAVO GROWERS;0.021725%
M/I HOMES;0.021714%
PARKWAY LIFE REIT;0.021615%
SAKATA SEED CORP;0.021612%
ATRION CORP;0.021591%
CARDTRONICS;0.021588%
PILOT CORP;0.021577%
FUJITEC CO;0.021571%
GCP APPLIED TECHNOLOGIES;0.021534%
OCEANFIRST FINANCIAL;0.021518%
BEFIMMO;0.021508%
PENDAL GROUP;0.021507%
U.S PHYSICAL THERAPY;0.021502%
GETTY REALTY CORP;0.021484%
US ECOLOGY;0.021459%
BAYCURRENT CONSULTING;0.021425%
MONTEA;0.021420%
BED BATH & BEYOND;0.021405%
NORDIC SEMICONDUCTOR;0.021391%
ZOOPLUS;0.021384%
KANEMATSU CORP;0.021378%
FUYO GENERAL LEASE CO;0.021342%
COATS GROUP;0.021333%
TOAGOSEI CO;0.021332%
TACTILE SYSTEMS TECH;0.021331%
SYSTENA CORP;0.021330%
CATENA;0.021323%
SITE CENTERS CORP;0.021298%
OUTOKUMPU;0.021258%
IBSTOCK;0.021257%
NORTH WEST COMPANY;0.021252%
COCOKARA FINE;0.021232%
EMPLOYERS HOLDINGS;0.021201%
GOLD ROAD RESOURCES;0.021195%
ELECOM CO;0.021189%
CITIZEN WATCH CO;0.021166%
HEIWA CORP;0.021145%
WEBJET;0.021123%
NORWEGIAN FINANS HLDG;0.021091%
KYORITSU MAINTENANCE CO;0.021086%
SEAWORLD ENTERTAINMENT;0.021074%
RHI-MAG;0.021071%
TRUPANION;0.021055%
NINETY ONE (GB);0.021050%
MERSANA THERAPEUTICS;0.021037%
NORMA GROUP;0.021012%
AIRPORT CITY;0.020996%
NIPPON LIGHT METAL HLDGS;0.020990%
KENEDIX RETAIL REIT;0.020983%
INTERNET INITIATIVE JP;0.020952%
PHARMING GROUP;0.020896%
DEUTSCHE PFANDBRIEFBANK;0.020874%
EVO PAYMENTS A;0.020861%
BCP BANCO COMERCIAL;0.020854%
TOSHIBA TEC CORP;0.020840%
KIYO BANK (THE);0.020819%
AIB GROUP;0.020816%
CARGOTEC B;0.020806%
DIGITAL ARTS;0.020795%
MOCHIDA PHARMACEUTICAL;0.020762%
JAMIESON WELLNESS;0.020702%
SIRIUS REAL ESTATE;0.020586%
MATSUI SECURITIES CO;0.020580%
ASAHI HOLDINGS;0.020571%
INNOVIVA;0.020530%
KOTOBUKI SPIRITS CO;0.020528%
TOPCON;0.020525%
FUKUYAMA TRANSPORTING CO;0.020515%
SIMS;0.020502%
ARBOR REALTY TRUST;0.020479%
RAMELIUS RESOURCES;0.020438%
HEIWA REAL ESTATE CO;0.020407%
LIONS GATE ENTMT B;0.020381%
DAIDO STEEL CO;0.020378%
ITOHAM YONEKYU HOLDINGS;0.020354%
NETENT B;0.020335%
COLOWIDE CO;0.020317%
ENCORE CAPITAL GROUP;0.020284%
3D SYSTEMS CORP;0.020274%
TERANGA GOLD CORP;0.020246%
LAURENTIAN BANK;0.020192%
HARSCO CORP;0.020173%
CRYOLIFE;0.020153%
FUNAI SOKEN HOLDINGS;0.020106%
SHINKO ELECTRIC IND CO;0.020087%
BPER BANCA;0.020073%
GLOBAL ONE REIT;0.020063%
SOUTHSIDE BANCSHARES;0.020058%
VIRBAC (SOCIETE);0.020011%
UPWORK;0.019985%
FERRO CORP;0.019950%
HEALIUS;0.019943%
Z ENERGY;0.019927%
SILVERCREST METALS (CA);0.019921%
SLEEP NUMBER CORPORATION;0.019855%
BIOTAGE;0.019834%
WELBILT;0.019820%
CHEESECAKE FACTORY;0.019807%
CORE LABORATORIES;0.019772%
NEW WORK;0.019770%
ATEA;0.019749%
ENPRO INDUSTRIES;0.019725%
FORTUNA SILVER MINES;0.019724%
PFEIFFER VACUUM TECH;0.019690%
CRYOPORT;0.019676%
MIPS;0.019621%
DTS CORP;0.019593%
ORASURE TECHNOLOGIES;0.019592%
ISTAR;0.019562%
ANICOM HOLDINGS;0.019554%
FIRSTGROUP;0.019543%
NEENAH;0.019508%
CROMWELL PROPERTY GROUP;0.019489%
ENDO INTERNATIONAL;0.019478%
ELECTRA (ISRAEL);0.019469%
ST. MODWEN PROPERTIES;0.019460%
EARTH CORPORATION;0.019410%
PUSHPAY HOLDINGS;0.019396%
GMS;0.019357%
KITE REALTY GRP TRUST;0.019351%
VIRTUSA;0.019309%
ENANTA PHARMACEUTICALS;0.019290%
CREST NICHOLSON HLDGS;0.019278%
TAKUMA CO;0.019276%
IMMUNOGEN;0.019268%
WADDELL & REED FINL A;0.019268%
KUMAGAI GUMI CO;0.019252%
FIRST BUSEY CORP;0.019243%
COMET HOLDING;0.019233%
ISRA VISION;0.019203%
AXCELIS TECHNOLOGIES;0.019184%
Y MABS THERAPEUTICS;0.019174%
BLOOMIN' BRANDS;0.019157%
ASTEC INDUSTRIES;0.019149%
SHIGA BANK;0.019146%
FUJI SEAL INTERNATIONAL;0.019144%
PAZ OIL CO;0.019117%
INVESTORS REAL ESTATE;0.019098%
AMERICAN AXLE & MFG;0.019076%
PGT INNOVATIONS;0.019041%
NISHI-NIPPON FINL HLDGS;0.019037%
TOKAI HOLDINGS CORP;0.019014%
MARUHA NICHIRO CORP;0.018993%
ARCHROCK;0.018987%
LADDER CAPITAL CORP A;0.018986%
TOMPKIN FINANCIAL;0.018982%
DIVERSIFIED HEALTHCARE;0.018972%
STANDARD MOTOR PRDCTS;0.018950%
ARB CORPORATION;0.018926%
HIBERNIA REIT;0.018924%
WACOAL HOLDINGS CORP;0.018905%
AMOT INVESTMENTS;0.018899%
WILLSCOT A;0.018878%
REPAY HOLDINGS A;0.018844%
MFA FINANCIAL;0.018844%
NIHON PARKERIZING CO;0.018840%
NEW YORK MORTGAGE TRUST;0.018840%
SENKO GROUP HOLDINGS CO;0.018831%
CENTURY COMMUNITIES;0.018812%
SPARKASSEN IMMO;0.018798%
S & T BANCORP;0.018797%
UNIQA INSURANCE GROUP;0.018784%
UNITED MALT GROUP;0.018773%
PRESTIGE INTERNATIONAL;0.018764%
KAINOS GROUP;0.018763%
OKI ELECTRIC INDUSTRY CO;0.018755%
ARCUS BIOSCIENCES;0.018733%
GRANITE CONSTRUCTION;0.018724%
AZZ;0.018698%
NTN CORP;0.018696%
CASCADES;0.018682%
CKD CORP;0.018651%
CONSTELLATION PHARMA;0.018631%
CIVITAS SOCIAL HOUSING;0.018630%
AUTOBACS SEVEN CO;0.018621%
INFINERA CORP;0.018545%
NORTHVIEW APARTMENT REIT;0.018540%
SANRIO CO;0.018531%
INGENIA COMMUNITIES GRP;0.018526%
RESOLUTE MINING;0.018525%
AMERICAN FINANCE TRUST A;0.018504%
DOUGLAS DYNAMICS;0.018499%
GAMESYS GROUP;0.018485%
MR COOPER GROUP;0.018461%
ULTRA CLEAN HOLDINGS;0.018460%
KURA ONCOLOGY;0.018445%
NATIONAL BANK HLDG A;0.018439%
INTELLIA THERAPEUTICS;0.018390%
HASTINGS GROUP HOLDINGS;0.018380%
SABRE INSURANCE GROUP;0.018380%
JAPAN LIFELINE CO;0.018358%
MODEL N;0.018338%
KWS SAAT AG;0.018333%
PROVIDENT FINANCIAL SVCS;0.018320%
OUTOTEC;0.018316%
SUMMERSET GROUP HOLDINGS;0.018272%
NATIONAL HEALTHCARE CORP;0.018268%
NOW;0.018265%
NISSIN KOGYO CO;0.018221%
LINDAB INTERNATIONAL;0.018216%
ARCS CO;0.018201%
RESIDEO TECHNOLOGIES;0.018194%
TRANSOCEAN;0.018184%
BRAVURA SOLUTIONS;0.018171%
VIENNA INSURANCE GROUP;0.018170%
FRASERS GROUP;0.018151%
MACERICH CO;0.018139%
VERITEX HOLDINGS;0.018121%
KADOKAWA CORP;0.018119%
INTL FCSTONE;0.018119%
KATO SANGYO CO;0.018109%
SMART METERING SYSTEMS;0.018101%
CVS GROUP;0.018082%
TRIGANO;0.018071%
TALKTALK TELECOM GROUP;0.018045%
EMIS GROUP;0.018004%
GREAT WESTERN BANCORP;0.017977%
SINGAPORE POST;0.017957%
TOEI CO;0.017953%
SILVERCORP METALS;0.017926%
KONTOOR BRANDS;0.017888%
SEABRIDGE GOLD;0.017872%
BENCHMARK ELECTRONICS;0.017851%
CGG;0.017846%
ALEXANDER & BALDWIN INC;0.017804%
FIRST COMMONWEALTH FINL;0.017746%
HAMMERSON;0.017736%
OMNI BRIDGEWAY;0.017690%
VIRTUS INV PARTNERS;0.017685%
KARYOPHARM THERAPEUTICS;0.017658%
BEKAERT;0.017623%
LEARNING TECHNOLOGIES;0.017612%
COSTA GROUP HOLDINGS;0.017607%
AIFUL CORP;0.017578%
BOSSARD HOLDING INH;0.017569%
AXONICS MODULATION TECH;0.017564%
NISSHIN OILLIO GROUP;0.017549%
NEW GOLD;0.017513%
SHAPIR ENGINEERING & IND;0.017497%
LIGHTSPEED POS SV;0.017485%
SPARTANNASH COMPANY;0.017478%
FUKUOKA REIT CORP;0.017464%
ERO COPPER;0.017451%
DUNDEE PRECIOUS METALS;0.017449%
TRICIDA;0.017338%
MORGAN ADVANCED MATERIAL;0.017337%
BIFFA;0.017328%
FJORDKRAFT HOLDING;0.017296%
KIRBY CORP;0.017293%
PHOTRONICS;0.017284%
MAEDA ROAD CONSTRUCTION;0.017283%
GCP STUDENT LIVING;0.017263%
PARAMOUNT BED HLDGS CO;0.017261%
GREENCORE GROUP (NEW);0.017213%
TOKAI RIKA CO;0.017213%
LIECHTENST LANDESBK INH;0.017186%
COMMUNITY HEALTHCARE;0.017173%
NATUS MEDICAL;0.017150%
PRIMORIS SERVICES CORP;0.017137%
BANCA FARMAFACTORING;0.017106%
GERMAN AMERICAN BANCORP;0.017104%
TAIKISHA;0.017091%
YIT OY;0.017087%
FORMULA SYSTEMS 1985;0.017053%
ECN CAPITAL;0.017018%
DYNAVAX TECHNOLOGIES;0.017014%
NATIONAL RESEARCH CORP;0.017011%
KOMEDA HOLDINGS;0.017006%
RAVEN INDUSTRIES;0.016994%
MTG MODERN TIMES GROUP B;0.016946%
TRICO BANCSHARES;0.016939%
MACNICA FUJI ELECTRONICS;0.016925%
GIKEN;0.016915%
NETGEAR;0.016910%
CEVA;0.016903%
JOHN B. SANFILIPPO & SON;0.016895%
ATOM CORP;0.016895%
PETMED EXPRESS;0.016859%
IR JAPAN HOLDINGS;0.016857%
DINE BRANDS GLOBAL;0.016851%
ATARA BIOTHERAPEUTICS;0.016847%
C&C GROUP;0.016841%
77 BANK (THE);0.016834%
LXI REIT;0.016826%
CAPITALAND RETAIL CHINA;0.016826%
AWA BANK;0.016823%
UPLAND SOFTWARE;0.016807%
STEWART INFO SERVICES;0.016789%
JAPAN ELEVATOR SERVICE;0.016776%
TURQUOISE HILL RES;0.016772%
BROOKLINE BANCORP;0.016749%
CAPITA;0.016745%
NIPPON DENSETSU KOGYO CO;0.016744%
FRESH DEL MONTE PRODUCE;0.016742%
BGC PARTNERS A;0.016695%
CHASE CORPORATION;0.016688%
NLIGHT;0.016661%
REIT 1;0.016651%
OHSHO FOOD SERVICE CORP;0.016650%
BADGER DAYLIGHTING;0.016648%
KLOVERN B;0.016621%
FIRST BANCORP NTH CAROL.;0.016549%
BEGA CHEESE;0.016516%
CAMPING WORLD HOLDINGS A;0.016513%
OXFORD INDUSTRIES;0.016513%
BLACKMORES;0.016509%
SACYR;0.016507%
ENTERPRISE FINL SVCS;0.016496%
TAKASAGO THERMAL ENGR;0.016495%
PROASSURANCE CORP;0.016494%
TOMY CO;0.016482%
STOCK YARDS BANCORP;0.016470%
BANCA POPOLARE SONDRIO;0.016448%
CAIRN HOMES (IE);0.016440%
MANDOM CORP;0.016419%
NIEUWE STEEN INVESTMENTS;0.016383%
BETSSON B;0.016378%
RITE AID CORP;0.016377%
POSTNL;0.016366%
TAMBURI INV PARTNERS;0.016347%
SPROTT;0.016328%
RADNET;0.016275%
MONADELPHOUS GROUP;0.016264%
BAYSIDE LAND CORP 1;0.016257%
VAREX IMAGING CORP;0.016253%
REALOGY HOLDINGS CORP;0.016250%
DEUTSCHE EUROSHOP;0.016248%
CREDIT CORP GROUP;0.016248%
BIOCRYST PHARMACEUTICALS;0.016242%
INOGEN;0.016230%
CALIX;0.016224%
UNISYS CORP;0.016215%
EDION CORP;0.016206%
COLUMBIA FINANCIAL;0.016169%
DAISHI HOKUETSU FINL GRP;0.016168%
UNITIL CORP;0.016137%
ABERCROMBIE & FITCH CO A;0.016137%
OKUMURA CORP;0.016130%
CORPORATE TRAVEL MGMT;0.016108%
EML PAYMENTS;0.016107%
SANOMA;0.016088%
AMPHASTAR PHARMACEUTICAL;0.016080%
NIPPON FLOUR MILLS CO;0.016063%
MATRIX LT;0.016050%
NOMURA CO;0.016044%
FIRST DERIVATIVES;0.016030%
OVERSTOCK.COM;0.016006%
HOME CAPITAL GROUP;0.015999%
INGHAMS GROUP;0.015999%
ALBA (CORP FINANCIERA);0.015966%
JOYFUL HONDA;0.015960%
EUROPRIS;0.015952%
COLUMBUS MCKINNON CORP;0.015951%
CONSTRUCCIONES Y AUX FER;0.015938%
APERGY;0.015932%
SANSAN;0.015903%
ENERGIX RENEWABLE;0.015883%
KOHNAN SHOJI CO;0.015882%
FUJI KYUKO CO;0.015807%
TKC CORP;0.015783%
888 HOLDINGS;0.015773%
STORYTEL B;0.015737%
INSTALCO;0.015722%
TOYO INK MFG CO;0.015706%
EUSKALTEL;0.015699%
UPONOR;0.015698%
T HASEGAWA CO;0.015692%
BENGO4.COM;0.015690%
FUJIKURA;0.015682%
GREENBRIER COS;0.015681%
KUREHA CORP;0.015671%
SUMITOMO WAREHOUSE CO;0.015644%
CARA THERAPEUTICS;0.015631%
NOJIMA CORP;0.015629%
GOLDEN AGRI RESOURCES;0.015589%
OGAKI KYORITSU BANK;0.015570%
NFI GROUP;0.015559%
HAREL INSURANCE INV;0.015546%
SAN-IN GODO BANK (THE);0.015532%
MAKINO MILLING MACHINE;0.015523%
NOEVIR HOLDINGS CO;0.015500%
H2O RETAILING CORP;0.015478%
GLATFELTER;0.015468%
SIMULATIONS PLUS;0.015468%
JETBLUE AIRWAYS CORP;0.015460%
PHOENIX HOLDINGS (THE);0.015450%
DIP CORP;0.015435%
CODEXIS;0.015433%
HANKYU HANSHIN REIT;0.015425%
TOKYO DOME CORP;0.015412%
HERITAGE FINANCIAL CORP;0.015409%
SUNPOWER CORP A;0.015407%
NKT (NEW);0.015403%
GRAINCORP;0.015394%
VECTURA GROUP;0.015391%
SUMMIT HOTEL PROPERTIES;0.015368%
AP EAGERS;0.015355%
AIMMUNE THERAPEUTICS;0.015337%
SOLARIA ENER Y MEDIO AMB;0.015329%
DALATA HOTEL GROUP;0.015322%
KEARNY FINANCIAL;0.015319%
ATN INTERNATIONAL;0.015268%
OUTSOURCING;0.015262%
ATRIUM LJUNGBERG B;0.015222%
RUSSEL METALS;0.015218%
NATIONAL BEVERAGE CORP;0.015216%
IRISO ELECTRONICS CO;0.015209%
VALOR HOLDINGS CO;0.015204%
AUB GROUP;0.015174%
SANGETSU CO;0.015158%
ONESPAN;0.015139%
KANAMOTO CO;0.015119%
IMAX;0.015090%
MARUWA CO LTD;0.015078%
CINCINNATI BELL;0.015048%
AVITA MEDICAL;0.015036%
MERIDIAN BIOSCIENCE;0.015019%
MOS FOOD SERVICES;0.015017%
STANDEX INTERNATIONAL;0.015007%
CENTURIA INDUSTRIAL REIT;0.014982%
HOCHSCHILD MINING;0.014963%
HANGER;0.014923%
BPOST NV;0.014922%
KISSEI PHARMACEUTICAL CO;0.014879%
NEXPOINT RESIDENTIAL;0.014871%
HUDBAY MINERALS;0.014864%
BELC CO;0.014807%
FUSO CHEMICAL CO;0.014788%
STARTS CORP;0.014769%
CAVERION;0.014754%
WACOM CO;0.014735%
SAFEHOLD INC;0.014702%
SPAR NORD BANK;0.014688%
MARCUS & MILLICHAP;0.014670%
NIPPON SODA CO;0.014662%
LENZING;0.014657%
CINEPLEX;0.014624%
PAGERDUTY;0.014588%
ARVINAS;0.014553%
RETAIL ESTATES;0.014546%
1ST SOURCE CORP;0.014524%
EQUINITI GROUP;0.014505%
AECON GROUP;0.014499%
TRINSEO;0.014472%
KUMIAI CHEMICAL INDUSTRY;0.014447%
H.I.S. CO;0.014443%
TECHTARGET;0.014427%
JAPAN AVIATION ELECTRS;0.014420%
LEM HOLDING SA;0.014408%
COLLEGIUM PHARMACEUTICAL;0.014407%
GNI GROUP;0.014393%
GOSSAMER BIO;0.014370%
BOOT BARN HOLDINGS;0.014365%
VANDA PHARMACEUTICALS;0.014351%
DAIHEN CORP;0.014334%
BROOKDALE SENIOR LIVING;0.014323%
TSUBAKIMOTO CHAIN CO;0.014322%
IRISH RESIDENTIAL PROP;0.014321%
SPAREBANK 1 NORD-NORGE;0.014319%
CENTRAL GLASS CO;0.014292%
TOKMANNI GROUP;0.014291%
RUBICON PROJECT;0.014270%
YOKOGAWA BRIDGE HOLDINGS;0.014259%
HESKA CORP;0.014238%
COMTURE CORP;0.014198%
INTERRENT REIT;0.014196%
TPI COMPOSITES;0.014190%
HANWA CO;0.014149%
JCU CORP;0.014147%
PROVIDENT FINANCIAL;0.014142%
KRYSTAL BIOTECH;0.014133%
ZIOPHARM ONCOLOGY;0.014132%
OFG BANCORP;0.014131%
UNIVERSAL ELECTRONICS;0.014115%
REDWOOD TRUST;0.014110%
SUMITOMO MITSUI CONST;0.014106%
ORTHOFIX MEDICAL;0.014098%
VOCERA COMMUNICATIONS;0.014094%
COHU;0.014091%
DENNY'S CORP;0.014079%
GRANGES;0.014075%
G.U.D. HOLDINGS;0.014071%
BILIA A;0.014059%
CUE BIOPHARMA;0.014042%
HILAN;0.014030%
THIRD POINT REINSURANCE;0.014030%
CLINUVEL PHARMACEUTICALS;0.014018%
CVR ENERGY;0.014007%
AMBAC FINANCIAL GRP;0.013985%
SCANSOURCE;0.013982%
SATO HOLDINGS CORP;0.013981%
ST JOE CO (THE);0.013964%
COOR SERVICE MGMT;0.013964%
KH NEOCHEM;0.013953%
POLLEN STREET SECURED LE;0.013953%
MUNTERS GROUP B;0.013946%
MATTHEWS INTL CORP A;0.013939%
TOTETSU KOGYO CO;0.013938%
NORDEX;0.013926%
GENMARK DIAGNOSTICS;0.013919%
AFRICA ISRAEL PROPERTIES;0.013916%
ABACUS PROPERTY GROUP;0.013914%
BML;0.013914%
VECTRUS;0.013896%
KAUFMAN & BROAD;0.013891%
CARMILA;0.013881%
BINGO INDUSTRIES;0.013877%
MELIA HOTELS INTL;0.013877%
DIC ASSET;0.013873%
KFORCE;0.013873%
HEALTHSTREAM;0.013871%
BANK OKINAWA;0.013866%
ADVANCED MED SOLUTIONS;0.013812%
PRIMA MEAT PACKERS;0.013791%
INFOCOM CORP;0.013782%
SWISSQUOTE GROUP HOLDING;0.013776%
FINGERPRINT CARDS B;0.013774%
GLADSTONE COMM CORP;0.013765%
AMERICAN NATIONAL INS;0.013735%
CTS CORP;0.013721%
CHAMPION IRON;0.013720%
OCEANEERING INTL;0.013699%
KNIGHT THERAPEUTICS;0.013683%
HITACHI ZOSEN CORP;0.013654%
BARR (A.G.);0.013637%
FIRST DEFIANCE FINANCIAL;0.013631%
GO-AHEAD GROUP;0.013630%
RADIUS HEALTH;0.013618%
NEARMAP;0.013603%
LIMELIGHT NETWORKS;0.013598%
TRUSTCO BANK CORP NY;0.013595%
EAGLE PHARMACEUTICALS;0.013576%
GROUPON;0.013568%
FNAC DARTY;0.013557%
TRI CHEMICAL LAB;0.013555%
TANGER FACTORY OUTLET;0.013552%
META FINANCIAL GROUP;0.013545%
GREAT LAKES DREDGE DOCK;0.013544%
RESURS HOLDING;0.013538%
PETIQ A;0.013532%
CHEMOMETEC;0.013520%
CLOVIS ONCOLOGY;0.013511%
ACCO BRANDS;0.013495%
NICHI-IKO PHARMACEUTICAL;0.013493%
CATTOLICA ASSICURAZIONI;0.013486%
TRUEBLUE;0.013485%
CHILDREN'S PLACE;0.013477%
FCC CO;0.013474%
ARGOSY PROPERTY;0.013444%
OUE COMMERCIAL REIT;0.013441%
ZIP CO;0.013398%
BLUCORA;0.013397%
HAMBORNER REIT;0.013372%
RAFFLES MEDICAL GROUP;0.013365%
RAITO KOGYO CO;0.013347%
PHREESIA;0.013346%
NORTHWEST HEALTHCARE;0.013345%
VERICEL CORP;0.013339%
BURCKHARDT COMPRESSION;0.013339%
INDUS HOLDING;0.013337%
LUNDIN GOLD;0.013321%
KILLAM APARTMENT REIT;0.013304%
FEDERAL AGRI MTG C;0.013297%
RATOS B;0.013290%
SAKAI MOVING SERVICE CO;0.013269%
STARHUB;0.013267%
HYAKUGO BANK;0.013257%
BRIGHTSPHERE INV GROUP;0.013240%
GROWTHPOINT PROPERTIES;0.013226%
ANTERIX;0.013198%
REDDE NORTHGATE;0.013190%
OSISKO MINING;0.013178%
MIZUHO LEASING CO;0.013176%
ELF BEAUTY;0.013167%
G8 EDUCATION;0.013145%
AMADEUS FIRE;0.013144%
GAZIT GLOBE;0.013135%
CYBOZU;0.013135%
OPTORUN;0.013128%
EFG INTERNATIONAL;0.013126%
AXIAL RETAILING;0.013122%
VEECO INSTRUMENTS;0.013097%
AGFA GEVAERT;0.013093%
MORGAN SINDALL GROUP;0.013086%
TAKEUCHI MFG CO;0.013076%
UK COMM PPTY TRUST;0.013061%
DIOS FASTIGHETER;0.013047%
MEIDENSHA CORP;0.013046%
SPH REIT;0.013029%
FIRST RESOURCES;0.013022%
CELLECTIS;0.012981%
UNITED FIRE GROUP;0.012971%
TRANS COSMOS;0.012967%
AERIE PHARMACEUTICALS;0.012961%
EBIX;0.012954%
ASSEMBLY BIOSCIENCES;0.012926%
RAI WAY;0.012918%
KOMAX HOLDING;0.012892%
ESR REIT;0.012887%
INVESCO MORTGAGE CAPITAL;0.012884%
UACJ CORP;0.012881%
BASILEA PHARMACEUTICA;0.012878%
GOPRO A;0.012866%
BOINGO WIRELESS;0.012863%
KINTETSU WORLD EXPRESS;0.012859%
BLOOM ENERGY CORP A;0.012847%
CEWE STIFTUNG & CO;0.012837%
EQUITABLE GROUP;0.012812%
TI FLUID SYSTEMS;0.012811%
TRIUMPH BANCORP;0.012805%
LIFESTYLE COMMUNITIES;0.012768%
ECHO GLOBAL LOGISTICS;0.012744%
COLLINS FOODS;0.012739%
SEKISUI JUSHI CORP;0.012738%
STEMLINE THERAPEUTICS;0.012729%
TECHMATRIX CORPORATION;0.012729%
YORK WATER CO;0.012715%
IMPLENIA;0.012711%
ON THE BEACH GROUP;0.012710%
ARCBEST CORP;0.012707%
SAN-AI OIL CO;0.012702%
AVROBIO;0.012697%
ADTRAN;0.012690%
EGUARANTEE;0.012687%
ROUND ONE CORP;0.012666%
MIRAI;0.012641%
ATHERSYS;0.012629%
SIGNET JEWELERS (US);0.012626%
ARATA CORP;0.012603%
PROSEGUR;0.012603%
MARTINREA INTERNATIONAL;0.012584%
HERC HOLDINGS;0.012572%
BOSTON PRIVATE FINL HLDG;0.012559%
UNIVERSAL INS HOLDINGS;0.012553%
PREFERRED BANK LOS ANGEL;0.012528%
ARGO GRAPHICS;0.012493%
ALM. BRAND;0.012474%
UNITED SUPER MARKETS;0.012429%
COFACE;0.012424%
CDL HOSPITALITY TRUSTS;0.012414%
TOKYO BROADCAST SYS HLDG;0.012408%
HMS NETWORKS AB;0.012404%
KELLER GROUP;0.012397%
ROCKET PHARMACEUTICALS;0.012371%
TASSAL GROUP;0.012368%
NCC GROUP;0.012366%
LAKELAND BANCORP;0.012362%
WESTGOLD RESOURCES;0.012340%
RETROPHIN;0.012336%
MERIDIAN BANCORP;0.012332%
BILFINGER;0.012331%
CLOETTA B;0.012318%
APOGEE ENTERPRISES;0.012307%
MAISONS DU MONDE;0.012301%
EUGLENA;0.012299%
TOCALO CO;0.012269%
ARGAN (US);0.012262%
LANTHEUS HOLDINGS;0.012247%
EIZO CORP;0.012244%
H&E EQUIPMENT SVCS;0.012235%
APOLLO MEDICAL HLDGS;0.012234%
FRONTIER DEVELOPMENTS;0.012221%
QUOTIENT TECHNOLOGY;0.012209%
SKY PERFECT JSAT HLDGS;0.012207%
INFORMATION SVCS INTL;0.012207%
JUROKU BANK (THE);0.012193%
THE NAVIGATOR COMPANY;0.012190%
BRYN MAWR BANK CORP;0.012188%
NANTO BANK;0.012187%
EUROCOMMERCIAL CERT;0.012176%
ECKERT & ZIEGLER;0.012171%
NEXTGEN HEALTHCARE;0.012158%
DREAM INDUSTRIAL REIT;0.012139%
GURIT HOLDING INHABER;0.012132%
EIKEN CHEMICAL CO;0.012123%
QUANTERIX;0.012118%
TUCOWS;0.012109%
FRANKLIN STREET PPTYS;0.012105%
SANYO CHEMICAL IND;0.012100%
OXFORD BIOMEDICA;0.012095%
EVERI HOLDINGS;0.012094%
GLENVEAGH PROPERTIES;0.012090%
SBANKEN;0.012089%
SHOEI CO (7839);0.012087%
INTERTAPE POLYMER GROUP;0.012077%
HOKKOKU BANK (THE);0.012053%
FIRST FOUNDATION;0.012052%
NRW HOLDINGS;0.012026%
STONERIDGE;0.012025%
SMARTGROUP;0.012023%
KNOLL;0.012013%
TOWA PHARMACEUTICAL CO;0.012011%
M&A CAPITAL PARTNERS;0.011932%
NICOLET BANKSHARES;0.011910%
K WAH INTL HOLDINGS (HK);0.011891%
DATA 3;0.011879%
NETWEALTH GROUP;0.011878%
TOKYOTOKEIBA CO;0.011854%
BELL FOOD GROUP;0.011843%
RESTORE;0.011829%
METAWATER;0.011825%
SIA REIT INC;0.011823%
SCANDIC HOTELS GROUP;0.011818%
GORMAN-RUPP CO (THE);0.011804%
HEIWADO CO;0.011778%
PARTNER COMMUNICATIONS;0.011777%
SANKEN ELECTRIC CO;0.011774%
ACADEMEDIA AB;0.011773%
NEINOR HOMES;0.011769%
NICHIHA CORP;0.011754%
COMMUNITY TRUST BANCORP;0.011753%
SANDFIRE RESOURCES;0.011738%
WESTSHORE TERMINALS INV;0.011727%
SHYFT GROUP (THE);0.011719%
CHARTER HALL SOCIAL;0.011710%
ID LOGISTICS GROUP;0.011706%
NAGAILEBEN CO;0.011691%
EVOLENT HEALTH A;0.011689%
KKR REAL EST FIN TRUST;0.011663%
GRIEG SEAFOOD;0.011662%
SUNLIGHT REIT;0.011646%
ORANGE BELGIUM;0.011645%
ARYZTA;0.011622%
DIGITAL TURBINE;0.011617%
SUMMIT INDUSTRIAL REIT;0.011617%
ICHOR HOLDINGS;0.011613%
MORITA HOLDINGS CORP;0.011601%
PQ GROUP HOLDINGS;0.011586%
MCJ CO;0.011586%
RPT REALTY;0.011581%
SEIREN CO;0.011573%
CITY OFFICE REIT;0.011572%
GUNZE;0.011568%
NOBIA;0.011564%
URANIUM PARTICIPATION;0.011553%
KISOJI CO;0.011537%
CLEARWATER PAPER;0.011535%
AMERICA'S CAR-MART;0.011519%
AKTIA BANK;0.011514%
MBIA;0.011511%
FUJIMORI KOGYO CO;0.011485%
CENTURIA OFFICE REIT;0.011478%
DOUTOR NICHIRES HLDGS CO;0.011475%
ZUMIEZ;0.011457%
ADVANCED METALLURGICAL;0.011452%
MARSTON'S;0.011449%
TIMBERCREEK FINANCIAL;0.011432%
NOBINA;0.011427%
COMINAR REIT;0.011424%
WING TAI HOLDINGS;0.011417%
SURMODICS;0.011413%
ZOJIRUSHI CORP;0.011410%
ONCOPEPTIDES AB;0.011397%
FUJIMI;0.011391%
SHOWA SANGYO CO;0.011387%
MERCIALYS;0.011362%
AO WORLD;0.011346%
IG DESIGN GROUP;0.011343%
SEACOR HOLDINGS;0.011299%
ORIOR;0.011288%
MGP INGREDIENTS;0.011285%
QUADIENT;0.011284%
ISRACARD;0.011279%
INABATA & CO;0.011266%
IHEARTMEDIA A;0.011251%
FORTERRA;0.011238%
NIPPON SIGNAL CO;0.011234%
WPT INDUSTRIAL REIT;0.011203%
MRC GLOBAL;0.011200%
AMERICAN PUBLIC EDU;0.011191%
HELIX ENERGY SOLUTIONS;0.011186%
G1 THERAPEUTICS;0.011176%
GERON CORP;0.011174%
BOBST GROUP;0.011173%
RAMI LEVI CHAIN STORES;0.011169%
HAITONG INTL SEC GROUP;0.011164%
ORTHOPEDIATRICS;0.011154%
ELEMENTIS;0.011150%
SANKI ENGINEERING CO;0.011142%
WASHINGTON TRUST BANCORP;0.011121%
INTERFACE;0.011113%
CHEFS WAREHOUSE;0.011110%
CONNECTONE BANCORP (NEW);0.011108%
CAPSTEAD MORTGAGE CORP;0.011093%
AI HOLDINGS CORP;0.011086%
CASS INFORMATION SYSTEMS;0.011075%
CAMDEN NATIONAL CORP;0.011061%
NIPPON STEEL TRADING;0.011060%
NORTH PACIFIC BANK;0.011059%
YAMAZEN CORP;0.011055%
HIRATA CORP;0.011042%
ALLEGIANCE BANCSHARES;0.011040%
IDEC CORPORATION;0.011037%
BANC OF CALIFORNIA;0.011036%
CELLAVISION AB;0.011030%
BAYWA VINKUL;0.011030%
TORIDOLL HOLDINGS CORP;0.011027%
MARR SPA;0.011026%
ARMADA HOFFLER PROP;0.011012%
PERENTI GLOBAL;0.011006%
VP BANK NAMEN A;0.010998%
PACIFIC BIOSCIENCE OF CA;0.010991%
HALFORDS GROUP;0.010985%
SHINMAYWA INDUSTRIES;0.010968%
KRATON CORPORATION;0.010961%
KONINKLIJKE BAM GROEP NV;0.010958%
JOHNSON OUTDOORS A;0.010924%
TOKAI CORP (GIFU);0.010921%
PDF SOLUTIONS;0.010910%
FLEXION THERAPEUTICS;0.010905%
G III APPAREL GROUP;0.010905%
LIONS GATE ENTMT A;0.010892%
QUINSTREET;0.010877%
ANIKA THERAPEUTICS;0.010877%
PARK LAWN;0.010872%
BOARDWALK REIT;0.010864%
ARMOUR RESIDENTIAL REIT;0.010853%
WABASH NATIONAL CORP;0.010847%
HARMONIC;0.010843%
DEUTZ;0.010833%
NORTHFIELD BANCORP;0.010824%
INTERVEST OFFICES & WARE;0.010815%
MCCARTHY & STONE;0.010812%
BERKSHIRE HILLS BANCORP;0.010794%
INTERFOR CORP;0.010779%
PZ CUSSONS;0.010767%
QUOTIENT;0.010764%
TOPPAN FORMS CO;0.010758%
RHYTHM PHARMACEUTICALS;0.010753%
ASSETMARK FINANCIAL HLDG;0.010752%
RORZE CORP;0.010747%
DOMAIN HOLDINGS;0.010744%
CRANEWARE;0.010727%
ZERIA PHARMACEUTICAL CO;0.010721%
UNIVEST FINANCIAL CORP;0.010716%
KURA SUSHI;0.010708%
NATL WESTERN LIFE A;0.010705%
VIKING THERAPEUTICS;0.010687%
CECONOMY STAMM;0.010667%
ANAPTYSBIO;0.010650%
ARTERIA NETWORKS;0.010649%
UMH PROPERTIES;0.010629%
RINGER HUT CO;0.010613%
HERITAGE COMMERCE CORP;0.010610%
MYR GROUP/DELAWARE;0.010609%
NV5 HOLDINGS;0.010604%
SP PLUS CORP;0.010588%
EIDOS THERAPEUTICS;0.010583%
ATTENDO INTERNATIONAL;0.010582%
CONSOLIDATED COMMU;0.010579%
LIXIL VIVA;0.010578%
OKASAN SECURITIES GROUP;0.010570%
OWENS & MINOR;0.010556%
THERMON GROUP HOLDINGS;0.010556%
YUASA TRADING CO;0.010553%
BROADLEAF;0.010552%
ARBONIA;0.010549%
DESCENTE;0.010527%
TRIPLE-S MANAGEMENT B;0.010500%
HELICAL;0.010499%
ARUHI CORP;0.010481%
YANLORD LAND GROUP;0.010462%
SURUGA BANK;0.010460%
ACCELL GROUP;0.010451%
AEGION A;0.010448%
CANFOR CORP;0.010437%
RAKSUL;0.010435%
NIPPON SEIKI CO;0.010426%
FIBI HOLDINGS;0.010414%
MITSUBISHI PENCIL CO;0.010412%
TRANCOM CO;0.010407%
ENCE ENERGIA Y CELULOSA;0.010403%
SIENNA SENIOR LIVING;0.010392%
GLOBAL MEDICAL REIT;0.010390%
ROYAL HOLDINGS;0.010371%
AUSTRIA TECH & SYSTEM;0.010369%
WASHTEC;0.010358%
PICTON PPTY INCOME;0.010348%
ENNIS;0.010346%
EMPIRIC STUDENT PROPERTY;0.010341%
FIERA CAPITAL;0.010331%
CSTONE PHARMACEUTICALS;0.010320%
KEIYO BANK (THE);0.010305%
GREAT SOUTHERN BANCORP;0.010269%
KOGAN.COM;0.010263%
CENTRAL PACIFIC FINL;0.010262%
LEMAITRE VASCULAR;0.010252%
OKAMURA CORPORATION;0.010218%
NIKKISO CO;0.010213%
SKISTAR B;0.010207%
NEXGEN ENERGY;0.010201%
NITTO KOGYO CORP;0.010197%
ENOVA INTERNATIONAL;0.010185%
MITCHELLS & BUTLERS;0.010178%
YELLOW HAT;0.010173%
HAMAKYOREX CO;0.010172%
RESTAURANT GROUP;0.010145%
U-BLOX;0.010139%
MAXELL HOLDINGS;0.010130%
TOKAI TOKYO FINL HLDGS;0.010130%
QCR HOLDINGS;0.010110%
LIBERTY LATIN AMERICA A;0.010109%
METLIFECARE;0.010105%
EVENTBRITE;0.010103%
TUTOR PERINI;0.010086%
TOMONY HOLDINGS;0.010064%
JAPAN WOOL TEXTILE CO;0.010050%
KAMBI GROUP;0.010050%
SERVICE STREAM;0.010044%
OPTIM;0.010042%
BANK OF GEORGIA GROUP;0.010015%
IMPINJ;0.009998%
DEXERIALS CORP;0.009996%
GWA GROUP;0.009985%
ILLIMITY BANK;0.009957%
FLATEX;0.009945%
NITTOKU CO;0.009941%
PITNEY BOWES;0.009926%
OISIX RA DAICHI;0.009898%
CATALYST PHARMACEUTICAL;0.009871%
HOSIDEN CORP;0.009871%
KALA PHARMECUTICAL;0.009863%
OOH MEDIA;0.009839%
URBAN&CIVIC;0.009838%
PEOPLES BANCORP;0.009826%
BRIGHTVIEW HOLDINGS;0.009821%
MITSUBISHI SHOKUHIN CO;0.009818%
CLAL INSURANCE ENT HLDGS;0.009812%
ODONATE THERAPEUTICS;0.009802%
SAUL CENTERS;0.009802%
MAYNE PHARMA GROUP;0.009796%
ANTARES PHARMA;0.009795%
PIOLAX;0.009792%
COMPUTER ENGR & CONSU;0.009782%
ELLINGTON FINANCIAL;0.009777%
AVENTUS GROUP;0.009764%
ARROW FINANCIAL CORP;0.009764%
SHIBAURA MACHINE CO;0.009758%
S POOL;0.009747%
TOKYU CONSTRUCTION;0.009740%
KITZ;0.009738%
PLANTRONICS;0.009727%
CROMBIE REIT;0.009726%
COLONY NORTHSTAR CR A;0.009710%
HANSA BIOPHARMA;0.009710%
SCHNITZER STEEL IND A;0.009703%
KEIHANSHIN BUILDING CO;0.009702%
PRESSANCE;0.009698%
ADASTRIA CO;0.009693%
WESTERN AREAS;0.009687%
HEIDRICK & STRUGGLES INT;0.009683%
TAKARA STANDARD CO;0.009674%
HOKUETSU CORP;0.009670%
WACKER NEUSON;0.009657%
OPTEX CO;0.009654%
CITYCON;0.009639%
WUESTENROT & WUERTTEMBER;0.009635%
VIRNETX HOLDING;0.009631%
DEVOTEAM;0.009627%
ASCOPIAVE;0.009625%
RYOSAN CO;0.009621%
S FOODS;0.009603%
DIME COMMUNITY BANCSHS;0.009599%
JONES (WATKIN);0.009598%
PROPETRO HOLDING CORP;0.009575%
SHOEI FOODS CORP;0.009564%
MAYTRONICS;0.009556%
SEIKO HOLDINGS CORP;0.009538%
KANEMATSU ELECTRONICS;0.009527%
RELIA;0.009524%
UROGEN PHARMA;0.009521%
RIKEN VITAMIN CO;0.009520%
CUSTODIAN REIT;0.009518%
BANCORP (THE);0.009515%
EXTREME NETWORKS;0.009510%
ORIGIN BANCORP;0.009506%
BORUSSIA DORTMUND;0.009492%
QUANEX BUILDING PRODUCTS;0.009489%
FIRST BANCSHARES (THE);0.009487%
EXEDY CORP;0.009485%
ALLIANCE PHARMA;0.009485%
DMC GLOBAL;0.009483%
TELEVISION BROADCASTS;0.009479%
MULLEN GROUP;0.009451%
PKSHA TECHNOLOGY;0.009447%
BUCKLE (THE);0.009441%
BIG SHOPPING CENTERS;0.009431%
PASON SYSTEMS;0.009424%
SLEEP COUNTRY CANADA;0.009422%
BJ'S RESTAURANTS;0.009419%
SHIZUOKA GAS CO;0.009411%
GOEASY;0.009403%
CARS.COM;0.009402%
THE MEET GROUP;0.009380%
SAMTY CO;0.009377%
HARBORONE BANCORP;0.009372%
NIPPON ROAD CO;0.009349%
AMNEAL PHARMACEUTICALS;0.009327%
PACIFIC TEXTILES HLDGS;0.009311%
ROSETTA STONE;0.009309%
ARDELYX;0.009304%
HORIZON BANCORP INDIANA;0.009299%
GEO HOLDINGS CORP;0.009293%
CLAS OHLSON B;0.009291%
MARINEMAX;0.009286%
MUSASHI SEIMITSU IND CO;0.009270%
REGIONAL REIT;0.009237%
KIMBALL INTERNATIONAL B;0.009225%
NISHIO RENT ALL CO;0.009214%
MYERS INDUSTRIES;0.009210%
FIRST FINANCIAL INDIANA;0.009193%
SUMMIT REAL ESTATE HLDG;0.009167%
RICOH LEASING CO;0.009153%
HAWKINS;0.009146%
MOBILEIRON;0.009142%
WINMARK CORP;0.009133%
HIDAY HIDAKA CORP;0.009132%
ALIMAK HEK GROUP;0.009114%
ANDERSONS (THE);0.009113%
RURAL FUNDS GROUP;0.009109%
AGILYSYS;0.009099%
NACHI-FUJIKOSHI CORP;0.009088%
NITTA CORP;0.009076%
SOUTHERN CROSS MEDIA GRP;0.009068%
LUXFER HOLDINGS (US);0.009054%
NEOPHOTONICS;0.009047%
COMTECH TELECOM;0.009045%
FBL FINANCIAL GROUP A;0.009036%
SBS HOLDINGS;0.009018%
BANK MARIN;0.009012%
TRIUMPH GROUP;0.009010%
SELECT HARVESTS;0.009008%
NIPPON CERAMIC CO;0.009002%
SAKATA INX CORP;0.008998%
HEALTH CATALYST;0.008981%
STAR MICRONICS;0.008977%
HAMBURGER HAFEN UND LOGI;0.008962%
KONISHI CO;0.008957%
COLTENE HOLDING;0.008906%
GAM HOLDING;0.008902%
SHIBUYA KOGYO CO;0.008899%
BIODELIVERY SCIENCE INTL;0.008873%
MCMILLAN SHAKESPEARE;0.008869%
STARTS PROCEED INV;0.008841%
VIAD CORP;0.008838%
KEY COFFEE;0.008835%
SI BONE INC;0.008834%
ZENRIN CO;0.008833%
JAPAN SECURITIES FINANCE;0.008829%
MAEDA KOSEN CO;0.008818%
MITHRA PHARMACEUTICALS;0.008818%
CAMURUS;0.008796%
CATCHMARK TIMBER TRUST A;0.008791%
CANACCORD GENUITY GROUP;0.008781%
ANGIODYNAMICS;0.008779%
DIEBOLD NIXDORF;0.008768%
AG GROWTH INTERNATIONAL;0.008753%
DREAM OFFICE REIT;0.008734%
TOPRE CORP;0.008725%
IOMART GROUP;0.008722%
KARO PHARMA;0.008707%
SEIKAGAKU CORP;0.008706%
SANYO DENKI CO;0.008706%
CREDITO VALTELLINESE;0.008689%
CONDUENT;0.008688%
JAPAN PULP & PAPER CO;0.008670%
MITEK SYSTEMS;0.008661%
MAX CO;0.008653%
SPAREBANK 1 OSTLANDET;0.008651%
TSUGAMI CORP;0.008647%
STAR ASIA INVESTMENT;0.008647%
MERSEN;0.008647%
WISDOMTREE INVESTMENTS;0.008642%
CHOFU SEISAKUSHO CO;0.008637%
JOST WERKE;0.008628%
BENEFITFOCUS;0.008624%
CBTX;0.008619%
DSP GROUP;0.008606%
PLENUS CO;0.008601%
YOKOWO CO;0.008593%
RYOYO ELECTRO CORP;0.008577%
VOSSLOH;0.008575%
FRONT YARD RESIDENTIAL;0.008563%
HYAKUJUSHI BANK;0.008559%
RATTLER MIDSTREAM;0.008556%
DO & CO;0.008538%
ORIGIN ENTERPRISES;0.008537%
BARRETT BUSINESS SVCS;0.008524%
SHIMA SEIKI MFG;0.008516%
LIVE OAK BANCSHARES;0.008504%
TOHO BANK (THE);0.008496%
BONAVA B;0.008477%
TENNECO;0.008461%
TIVITY HEALTH;0.008460%
RESTAR HLDGS CORP;0.008453%
FIRST MID BANCSHARES;0.008437%
ARA LOGOS LOGISTICS;0.008432%
BANK FIRST CORPORATION;0.008429%
BUNKA SHUTTER CO;0.008429%
MUSASHINO BANK;0.008428%
INNATE PHARMA;0.008407%
HOKUTO CORP;0.008400%
FIRST OF LONG ISLAND;0.008388%
CHANGE;0.008387%
YOKOHAMA REITO CO;0.008380%
PEOPLE'S UTAH BANCORP;0.008372%
FUKUSHIMA GALILEI CO;0.008371%
LEOVEGAS;0.008359%
FINANCIAL PRDCTS GRP CO;0.008353%
HOSOKAWA MICRON CORP;0.008319%
MTY FOOD GROUP;0.008316%
WORLD ACCEPTANCE CORP;0.008300%
VITAL KSK HOLDINGS;0.008292%
J-OIL MILLS;0.008262%
JACCS CO;0.008248%
TAKARA LEBEN REIT;0.008228%
GDI PROPERTY GROUP;0.008227%
PACIFIC INDUSTRIAL CO;0.008221%
PROSPERITY REIT;0.008211%
CHANNELADVISOR CORP;0.008210%
UNITED ARROWS;0.008204%
HOMOLOGY MEDICINES;0.008199%
MITSUI E&S HOLDINGS CO;0.008193%
AOMORI BANK (THE);0.008188%
NISHIMATSUYA CHAIN CO;0.008186%
TPG RE FINANCE TRUST;0.008183%
PRIME US REIT;0.008182%
TSUBAKI NAKASHIMA;0.008179%
SIGMA HEALTHCARE;0.008172%
STRIKE COMPANY;0.008171%
KYOKUTO KAIHATSU KOGYO;0.008166%
HONGKONG SHANGHAI HOTEL;0.008129%
GLOBAL DOMINION ACCESS;0.008122%
IQE;0.008116%
SCHOLAR ROCK HOLDING;0.008107%
MCEWEN MINING;0.008089%
FAR EAST CONSORTIUM;0.008079%
ORGANO CORPORATION;0.008074%
NIPPON KOEI CO;0.008067%
FUTURE CORP;0.008065%
BANK RYUKYUS;0.008054%
ARTIS REIT;0.008044%
ENERFLEX;0.008037%
AMBEA AB;0.008029%
TEIKOKU SEN-I CO;0.008028%
AMERICAN VANGUARD CORP;0.008025%
CHARLOTTES WEB HLDGS;0.008023%
KIMBALL ELECTRONICS;0.008015%
EXTENDICARE;0.008003%
NIPPON KANZAI CO;0.007974%
MITSUBOSHI BELTING;0.007971%
YAMASHIN FILTER;0.007961%
BRIDGE BANCORP;0.007960%
TRISTATE CAPITAL HLDGS;0.007949%
PACK CORP (THE);0.007948%
HUB24;0.007945%
FUTUREFUEL CORP;0.007912%
JUMBO INTERACTIVE;0.007912%
MONOGATARI CORP;0.007904%
AKKA TECHNOLOGIES;0.007899%
STATE AUTO FINANCIAL;0.007887%
FIRST COMMUNITY BANCSHS;0.007886%
PUMA BIOTECHNOLOGY;0.007884%
MONEX GROUP;0.007882%
PDL BIOPHARMA;0.007876%
OKAMOTO INDUSTRIES;0.007865%
STAR GROUP;0.007861%
RAIZNEXT CORP;0.007846%
WATERSTONE FINANCIAL;0.007832%
MLP;0.007829%
ASHTROM GROUP;0.007827%
MERCANTILE BANK CORP;0.007826%
KAPPA CREATE CO;0.007823%
HACKETT GROUP;0.007815%
AXOGEN;0.007813%
GUOTAI JUNAN INTL;0.007796%
DEUTSCHE BETEILIGUNGS;0.007791%
NILFISK HOLDING;0.007789%
LEC;0.007787%
BIOSPECIFICS TECH;0.007780%
DAIHO CORP;0.007765%
OBARA GROUP;0.007761%
CORESTATE CAPITAL HLDG;0.007754%
NIPPON SHEET GLASS CO;0.007746%
MANITOWOC CO (NEW);0.007746%
REX AMERICAN RESOURCES;0.007742%
AEDAS HOMES;0.007739%
AOYAMA TRADING CO;0.007726%
A10 NETWORKS;0.007720%
SPECTRUM PHARMACEUTICALS;0.007717%
FRANKLIN FINL NETWORK;0.007716%
CENTRAL SECURITY PATROLS;0.007716%
UNIPRES CORP;0.007703%
MOBILEZONE INH;0.007697%
MIMASU SEMICONDUCTOR IND;0.007685%
INWIDO;0.007666%
LIBERTY OILFIELD SVCS A;0.007661%
COWEN;0.007660%
HANSEN TECHNOLOGIES;0.007658%
SPIRE HEALTHCARE GROUP;0.007642%
YODOGAWA STEEL WORKS;0.007631%
SHIKOKU CHEMICALS CORP;0.007630%
LEONTEQ;0.007622%
MTS SYSTEMS CORP;0.007608%
ADVANSIX;0.007599%
ITURAN LOCATION AND CTRL;0.007590%
US CONCRETE;0.007589%
STAGECOACH GROUP;0.007584%
TV ASAHI HOLDINGS CORP;0.007581%
TARKETT;0.007578%
OMEGA FLEX;0.007570%
RISO KYOIKU CO;0.007566%
V TECHNOLOGY CO;0.007558%
LENDING CLUB;0.007555%
RHOEN-KLINIKUM;0.007544%
RETAIL PARTNERS CO;0.007541%
TOKUSHU TOKAI PAPER CO;0.007538%
EHIME BANK (THE);0.007533%
DEMAE CAN CO;0.007531%
PREFERRED APT CMNTY;0.007527%
PEAPACK GLADSTONE FINL;0.007514%
FORRESTER RESEARCH;0.007512%
NICHICON CORP;0.007512%
SENSIRION;0.007507%
KAGA ELECTRONICS CO;0.007499%
DAI-DAN CO;0.007490%
PREMIER FOODS;0.007484%
LEYOU TECH HLDGS (HK);0.007445%
KANSAI MIRAI FINANCIAL;0.007443%
ELCO;0.007433%
DUSTIN GROUP;0.007431%
PROGENICS PHARMACEUTICAL;0.007431%
RESOURCES CONNECTION;0.007413%
HIBBETT SPORTS;0.007411%
CYTOMX THERAPEUTICS;0.007409%
REPUBLIC BANCORP A (KY);0.007408%
DOVALUE;0.007403%
CUSTOMERS BANCORP INC;0.007401%
RECTICEL;0.007398%
MITIE GROUP;0.007393%
SAGAX D;0.007389%
HERITAGE INSURANCE;0.007361%
F-SECURE;0.007359%
VALLOUREC;0.007358%
SENSHU IKEDA HOLDINGS;0.007356%
WIDEOPENWEST;0.007355%
DUNI;0.007350%
OSAKA SODA CO;0.007347%
INTERSECT ENT;0.007345%
SIERRA WIRELESS;0.007344%
KURABO INDUSTRIES;0.007341%
CHOW SANG SANG HLDG INTL;0.007338%
MARUZEN SHOWA UNYU CO;0.007333%
MATAS;0.007330%
NORWAY ROYAL SALMON;0.007325%
RIGEL PHARMACEUTICALS;0.007313%
JOSHIN DENKI CO;0.007312%
MIDLAND STS BANCORP;0.007307%
ROGERS SUGAR;0.007306%
SELECT ENERGY SERVICES A;0.007302%
MIZUNO CORP;0.007290%
INSTEEL INDUSTRIES;0.007272%
NORITZ CORP;0.007264%
ONESPAWORLD HOLDINGS;0.007254%
CHATHAM LODGING TRUST;0.007252%
EXCHANGE INCOME;0.007247%
DOSHISHA CO;0.007246%
STD LIFE INV PPTY;0.007245%
FUJICCO CO;0.007229%
BANK OF IWATE (THE);0.007211%
PACT GROUP HOLDINGS LTD;0.007209%
MOLECULAR TEMPLATES;0.007199%
DORIAN LPG;0.007198%
OKUWA CO;0.007190%
WORLD;0.007181%
DIAMOND HILL INV GRP;0.007151%
ONWARD HOLDINGS CO;0.007149%
TAKKT;0.007145%
WAKITA & CO;0.007145%
CLEAN ENERGY FUELS;0.007145%
KLOECKNER & CO;0.007133%
CHUGOKU MARINE PAINTS;0.007120%
WERELDHAVE;0.007113%
TEJON RANCH CO;0.007108%
FIRST REIT;0.007107%
MARUDAI FOOD CO;0.007101%
FATTAL HOLDINGS 1998;0.007100%
AIDA ENGINEERING;0.007095%
MIYAZAKI BANK (THE);0.007094%
CHUBU SHIRYO CO;0.007072%
ORESUND INVESTMENT;0.007061%
NEXTAGE;0.007052%
SAVARIA CORP;0.007050%
MATSUYA FOODS HOLDINGS;0.007046%
AB DYNAMICS;0.007044%
EPS HOLDINGS;0.007040%
TPR CO;0.007038%
MENORA MIVTACHIM HLDG 1;0.007021%
CARRIAGE SERVICES;0.006993%
OITA BANK (THE);0.006978%
MATSON;0.006977%
MITSUUROKO GRP HLDGS CO;0.006965%
SMA SOLAR TECHNOLOGY AG;0.006964%
ACCORDIA GOLF TRUST;0.006963%
SAMHALLSBYGGNADSBOLAGE D;0.006945%
AUSTRALIAN PHARMA IND;0.006944%
XVIVO PERFUSION;0.006934%
KITANOTATSUJIN;0.006926%
LAR ESPANA REAL EST SOC;0.006919%
KOMORI CORP;0.006917%
SODICK CO;0.006896%
MORI TRUST HOTEL REIT;0.006894%
TONAMI HOLDINGS CO;0.006878%
NICHIDEN CORP;0.006871%
FUTABA CORP;0.006860%
SIGA TECHNOLOGIES;0.006847%
SCHOELLER-BLECKMANN;0.006842%
CAWACHI;0.006836%
FUJI CO;0.006835%
MITSUI SUGAR CO;0.006827%
ANI PHARMACEUTICALS;0.006815%
MICHAELS COS;0.006814%
CITIZENS A;0.006810%
RENOVA;0.006809%
C-MER EYE CARE HLDGS;0.006793%
TOYO CONSTRUCTION CO;0.006785%
SCANDI STANDARD;0.006773%
DYNEX CAPITAL;0.006773%
BAR HARBOR BANKSHARES;0.006771%
ARC LAND SAKAMOTO CO;0.006769%
TOBII;0.006761%
BYLINE BANCORP;0.006758%
PREMIER GOLD MINES;0.006758%
CENTRAL ASIA METALS;0.006757%
ENDURANCE INTERNATIONAL;0.006756%
AVEX;0.006756%
CANON ELECTRONICS;0.006748%
NIPPON CARBON CO;0.006746%
CHARGEURS;0.006746%
MEDIA DO CO;0.006740%
YAKUODO HOLDINGS CO;0.006734%
YAMABIKO CORP;0.006700%
ACCENT GROUP;0.006699%
REALREAL (THE);0.006698%
MEGACHIPS CORP;0.006680%
VALQUA;0.006680%
ENERGY RECOVERY;0.006678%
TSURUMI MANUFACTURING;0.006669%
ORGANIGRAM HOLDINGS (CA);0.006669%
INFIGEN ENERGY;0.006663%
KOENIG & BAUER;0.006657%
DXP ENTERPRISES;0.006654%
BOOZT;0.006643%
ADESTO TECHNOLOGIES;0.006639%
NIBC HOLDING;0.006639%
YAMAGATA BANK (THE);0.006631%
INDEPENDENT BANK (MICH);0.006630%
VOYAGER THERAPEUTICS;0.006625%
HCI GROUP;0.006620%
GOCO GROUP;0.006618%
MODEC;0.006606%
CORNERSTONE BLDG BRANDS;0.006605%
FREEDOM FOODS GROUP;0.006599%
JERNIGAN CAPITAL;0.006596%
CTT-CORREIOS DE PORTUGAL;0.006595%
BURKHALTER HOLDING;0.006594%
ECOFIBRE;0.006594%
DERICHEBOURG;0.006589%
NVE CORP;0.006568%
HYVE GROUP;0.006563%
NORITAKE CO;0.006561%
TAMURA CORP;0.006558%
ENDEAVOUR SILVER;0.006558%
HAYNES INTERNATIONAL;0.006551%
METROVACESA;0.006551%
CAI INTERNATIONAL;0.006550%
TAKARA LEBEN CO;0.006550%
THERAPEUTICSMD;0.006537%
MEKONOMEN;0.006532%
UUUM;0.006532%
TOSEI CORP;0.006524%
BWX;0.006524%
SERITAGE GROWTH PPTYS A;0.006520%
TAMRON CO;0.006515%
B RILEY FINANCIAL;0.006514%
VSTECS HOLDINGS;0.006505%
ALTECH CORP;0.006505%
FOUNDATION BLDG MATRLS;0.006498%
INSOURCE;0.006496%
FURUKAWA CO;0.006491%
PALFINGER;0.006490%
HIOKI E E CORP;0.006487%
HIBIYA ENGINEERING;0.006482%
ALARIS ROYALTY CORP;0.006471%
ADAPTEO;0.006469%
KONOIKE TRANSPORT;0.006465%
MIDWESTONE FIN GRP (NEW);0.006454%
RYOBI;0.006453%
TKP;0.006450%
FLUSHING FINANCIAL CORP;0.006426%
CMC MARKETS;0.006425%
TINEXTA;0.006425%
HAVERTY FURNITURE;0.006425%
RIKEN KEIKI CO;0.006405%
LANDEC CORP;0.006396%
GRANITE POINT MTG TRUST;0.006375%
COMPUTER PROGRAMS & SYS;0.006372%
FUJIBO HOLDINGS;0.006359%
PROTHENA CORP;0.006354%
DANIELI & CO RNC;0.006346%
COMMUNITY HEALTH SYSTEMS;0.006339%
EREX CO;0.006335%
GMO CLOUD KK;0.006335%
MATRIX SERVICE CO;0.006333%
KAMAKURA SHINSHO;0.006323%
AICHI STEEL CORP;0.006318%
CALITHERA BIOSCIENCES;0.006315%
MACAU LEGEND DEVELOPMENT;0.006306%
LOVISA HOLDINGS;0.006284%
FAR EAST HPTY TRUST;0.006280%
OSJB HOLDINGS CORP;0.006273%
SIIX CORP;0.006269%
AMC ENTERTAINMENT HLDG A;0.006263%
SAMTY RESIDENTIAL INV;0.006261%
HANMI FINANCIAL CORP;0.006252%
TAKASAGO INTERNATIONAL;0.006247%
JOHN MATTSON;0.006241%
FRP HOLDINGS INC;0.006241%
VICTORY CAPITAL HOLDINGS;0.006240%
SINTOKOGIO;0.006237%
O NET TECHNOLOGIES (HK);0.006229%
ADVA OPTICAL NETWORKING;0.006215%
DAIWA INDUSTRIES;0.006213%
ETHAN ALLEN INTERIORS;0.006207%
ECONOCOM GROUP;0.006190%
WILLDAN GROUP;0.006187%
RUTH'S HOSPITALITY GROUP;0.006185%
TOENEC CORP;0.006173%
SAGA;0.006171%
GENWORTH MTG INSURANCE;0.006165%
MITSUI SOKO HOLDINGS CO;0.006163%
OILES CORP;0.006151%
SAINT MARC HOLDINGS CO;0.006142%
ROVIO ENTERTAINMENT;0.006138%
RIETER HOLDING;0.006134%
STARZEN CO;0.006120%
PROTECTOR FORSIKRING;0.006113%
AUTONEUM;0.006112%
SAN JU SAN FINANCIAL GRP;0.006112%
MICRONICS JAPAN CO;0.006102%
DILLARDS A;0.006101%
GREEN BRICK PARTNERS A;0.006100%
ABC ARBITRAGE;0.006091%
DAIICHI JITSUGYO CO;0.006090%
EXP WORLD HOLDINGS;0.006090%
ESPEC CORP;0.006089%
JVC KENWOOD CORP;0.006067%
IDOM;0.006057%
TAIHEI DENGYO KAISHA;0.006046%
JM HOLDINGS CO;0.006044%
FIXSTARS CORP;0.006032%
CAESARSTONE SDOT (USD);0.006013%
GENESCO;0.006002%
FUKUDA CORP;0.005995%
EL POLLO LOCO HOLDINGS;0.005995%
ARCLAND SERVICE HOLDINGS;0.005992%
YONDOSHI HOLDINGS;0.005980%
ORIOLA CORPORATION B;0.005979%
QOL HOLDINGS CO;0.005976%
TODS;0.005975%
COMPUTER MODELLING GROUP;0.005973%
OKABE CO;0.005963%
RIBBON COMMUNICATIONS;0.005940%
OENEO;0.005932%
PINNACLE INVESTMENT MGMT;0.005928%
CELLCOM ISRAEL;0.005920%
REGIS CORP;0.005904%
CNB FINANCIAL CORP;0.005901%
DAINICHISEIKA COLOR&CHEM;0.005898%
MITSUI HIGH-TEC;0.005894%
LIFULL CO;0.005892%
FINANCIAL INSTITUTIONS;0.005873%
READY CAPITAL CORP;0.005868%
PAL GROUP HOLDINGS CO;0.005858%
EM SYSTEMS CO;0.005834%
FIVE POINT HOLDINGS A;0.005830%
BIOCARTIS GROUP;0.005825%
MEIKO ELECTRONICS CO;0.005823%
BUFAB;0.005819%
TRUECAR;0.005801%
MACROMILL;0.005799%
FRASERS HOSPITALITY TRST;0.005797%
LEONI;0.005793%
CURVES HOLDINGS;0.005780%
BANK OF NAGOYA (THE);0.005772%
GAKKEN HOLDINGS CO;0.005768%
CROPENERGIES;0.005760%
TOKYO KIRABOSHI FINL GRP;0.005755%
FUTABA INDUSTRIAL;0.005752%
GILAT SATELLITE NETWORK;0.005744%
EL.EN.;0.005742%
AMUSE;0.005738%
ACCELERATE DIAGNOSTICS;0.005736%
SUN FRONTIER FUDOUSAN CO;0.005735%
INTL MONEY EXPRESS;0.005731%
ARES COMMERCIAL REAL EST;0.005719%
BELLUNA CO;0.005711%
VT HOLDINGS CO;0.005709%
VASTNED RETAIL;0.005688%
NIPPON PARKING DEV CO;0.005687%
SINKO KOGYO CO;0.005675%
YONEX CO;0.005672%
TANSEISHA CO;0.005670%
ONE LIBERTY PROPERTIES;0.005658%
LANNETT CO;0.005645%
RESTAURANT BRANDS;0.005642%
JUPITER MINES;0.005633%
CRINETICS PHARMA;0.005629%
WATFORD HOLDINGS;0.005626%
STERLING CONSTRUCTION CO;0.005602%
NORITSU KOKI CO;0.005597%
HOMETRUST BANCSHARES;0.005597%
YUMESHIN HOLDINGS;0.005583%
FRANKS INTERNATIONAL;0.005580%
SOURCENEXT CORP;0.005569%
ADVAN CO;0.005556%
DENYO CO;0.005550%
PASONA GROUP;0.005537%
VAPOTHERM;0.005536%
NISSEI ASB MACHINE CO;0.005534%
MEDICAL DATA VISION;0.005521%
GAMESTOP CORP A;0.005508%
TENMA CORP;0.005508%
VISHAY PRECISION GROUP;0.005507%
AKATSUKI;0.005502%
SHIKOKU BANK (THE);0.005501%
SUMITOMO SEIKA CHEMICALS;0.005485%
FRANKLIN COVEY CO;0.005483%
POWELL INDUSTRIES;0.005483%
ES-CON JAPAN;0.005466%
STELLA CHEMIFA CORP;0.005466%
MOLECULAR PARTNERS;0.005461%
BLUE SQUARE REAL ESTATE;0.005455%
EQUITY BANCSHARES;0.005452%
FUKUI COMPUTER HOLDINGS;0.005443%
SOILBUILD BUSINESS REIT;0.005442%
FERROTEC HOLDINGS CORP;0.005438%
INTEGRATED RESEARCH;0.005426%
KOA CORP;0.005422%
TSUKUI CORP;0.005417%
SHOE CARNIVAL;0.005394%
MEISEI INDUSTRIAL CO;0.005386%
SOFTWARE SERVICE;0.005383%
G-7 HOLDINGS;0.005383%
SB TECHNOLOGY CORP;0.005381%
TEKKEN CORP;0.005379%
NUMIS CORPORATION;0.005379%
SCHRODER REAL ESTATE INV;0.005369%
AMAG PHARMACEUTICALS;0.005359%
KLAB;0.005352%
HYSTER-YALE A;0.005331%
WHITESTONE REIT;0.005325%
JAPAN MED. DYNAMIC MKT;0.005323%
KATAKURA INDUSTRIES CO;0.005308%
GOLDCREST CO;0.005307%
PROTO CORP;0.005301%
FUJIO FOOD SYSTEM CO;0.005295%
ASAHI DIAMOND INDL CO;0.005291%
ATLANTIC CAPITAL BANCSHS;0.005291%
SOLGOLD;0.005289%
AUBAY;0.005282%
ANEST IWATA CORP;0.005277%
RISO KAGAKU CORP;0.005275%
CAPITAL CITY BANK GROUP;0.005274%
RDI REIT;0.005271%
INES CORP;0.005260%
RS TECHNOLOGIES CO;0.005258%
SHIN NIPPON AIR TECH;0.005250%
ALPEN CO;0.005242%
ISHIHARA SANGYO KAISHA;0.005199%
UNION TOOL CO;0.005188%
ELAN CORP;0.005187%
VECTOR MINATO KU;0.005182%
OYO CORP;0.005160%
TSI HOLDINGS CO;0.005140%
HALOWS CO;0.005132%
ICOM;0.005130%
ITOCHU-SHOKUHIN CO;0.005126%
REVOLVE GROUP A;0.005122%
ENIGMO;0.005117%
DENKI KOGYO CO;0.005117%
MARUSAN SECURITIES CO;0.005116%
CEDAR WOODS PROPERTIES;0.005108%
ASAHI CO;0.005100%
TACHI-S CO;0.005093%
LITHIUM AMERICAS CORP;0.005088%
HODOGAYA CHEMICAL CO;0.005084%
STOBART GROUP;0.005081%
VICTORIA;0.005074%
LORAL SPACE & COMMU;0.005044%
TATSUTA ELEC WIRE & CBL;0.005016%
PRESS KOGYO CO;0.005013%
TOA CORP;0.005012%
G TEKT CORPORATION;0.004995%
BERTRANDT;0.004993%
ROCK FIELD CO;0.004982%
WDB HOLDINGS CO;0.004981%
STOLT NIELSEN;0.004971%
YAMANASHI CHUO BANK(THE);0.004961%
GENKY DRUGSTORES CO;0.004957%
SAKAI CHEMICAL IND CO;0.004949%
ASCOM HOLDING;0.004949%
OPT HOLDING;0.004931%
MIE KOTSU GRP HLDGS (JT);0.004915%
FOSTER ELECTRIC CO;0.004907%
VISION;0.004903%
NAGATANIEN HOLDINGS CO;0.004902%
PARK ELECTROCHEMICAL;0.004896%
REPLIMUNE GROUP;0.004883%
NNIT;0.004878%
CHINESE ESTATES HOLDINGS;0.004868%
AICHI CORP;0.004842%
AUSTRALIAN AGRICULTURAL;0.004827%
LIBERTY TRIPADVISOR A;0.004817%
AICHI BANK (THE);0.004811%
ENPLAS CORP;0.004800%
SUMITOMO RIKO CO;0.004795%
KENKO MAYONNAISE CO;0.004794%
DIA;0.004794%
SANKYO TATEYAMA HOLDINGS;0.004778%
ESTIA HEALTH;0.004763%
GUERBET;0.004763%
RHEON AUTOMATIC MACH;0.004757%
MIGDAL INSURANCE HLDGS;0.004743%
MEIRAGTX HOLDINGS;0.004735%
EMECO HOLDINGS;0.004695%
CATO CORP (THE) A;0.004684%
YA-MAN;0.004683%
COMPAGNIE DES ALPES;0.004678%
YURTEC CORP;0.004664%
RUBIUS THERAPEUTICS;0.004650%
KEIYO CO;0.004643%
MARVELOUS;0.004639%
KAMEI CORP;0.004628%
RIKEN CORP;0.004625%
WAVE LIFE SCIENCES;0.004620%
BRONCO BILLY;0.004620%
BASLER;0.004619%
TOWA BANK;0.004617%
DAIKYONISHIKAWA CORP;0.004610%
XEBIO HOLDINGS CO;0.004601%
TAYCA CORP;0.004588%
XBIOTECH;0.004576%
WATAMI CO;0.004561%
ELMOS SEMICONDUCTOR AG;0.004553%
PAYSIGN;0.004550%
MOUNT GIBSON IRON;0.004543%
AKITA BANK (THE);0.004538%
MORGUARD NORTH AMER RESI;0.004536%
SHOTSPOTTER;0.004533%
WARABEYA NICHIYO HLDGS;0.004531%
TOHO TITANIUM CO;0.004525%
NISSIN CORP;0.004519%
COSEL CO;0.004512%
ASKA PHARMACEUTICAL;0.004511%
GTT COMMUNICATIONS;0.004510%
SABANA SHARIAH INDL REIT;0.004509%
BANCA IFIS;0.004500%
IES HOLDINGS;0.004491%
GENFIT;0.004479%
IDI INSURANCE CO;0.004458%
DAIKOKUTENBUSSAN CO;0.004442%
NIPPON THOMPSON;0.004436%
X FAB SILICON FOUNDRIES;0.004435%
PORR A;0.004429%
JDC;0.004419%
FAN COMMUNICATIONS;0.004409%
LITTLE EARTH CORP CO;0.004393%
ZUMTOBEL GROUP;0.004389%
ISEKI & CO;0.004388%
EDREAMS ODIGEO;0.004388%
ST CORP;0.004381%
ZIGEXN;0.004377%
SINFONIA TECHNOLOGY CO;0.004371%
CHUKYO BANK (THE);0.004352%
OSAKI ELECTRIC CO;0.004316%
TX GROUP;0.004311%
SGL GROUP;0.004296%
ION BEAM APPLICATIONS;0.004278%
ACHILLES CORP;0.004257%
CONEXIO CORP;0.004233%
ORO;0.004233%
MINISTOP CO;0.004227%
DAIDO METAL CO;0.004224%
FEED ONE CO;0.004220%
MARS GROUP HOLDINGS CO;0.004215%
LIPPO MALLS INDONESIA;0.004209%
MANITOU BF;0.004176%
ROKKO BUTTER CO;0.004132%
BANDO CHEMICAL IND;0.004124%
BLUE BIRD (US);0.004109%
APOLLO FUTURE MOBILITY;0.004107%
GREENLIGHT CAPITAL A;0.004105%
FRANCE BED HOLDINGS CO;0.004097%
EUROPCAR MOBILITY;0.004070%
YOROZU CORP;0.004064%
SMCP;0.004062%
NITTO KOHKI CO;0.004050%
FILA;0.004023%
SINANEN HOLDINGS CO;0.004022%
BOSTON OMAHA A;0.004020%
DONEGAL GROUP A;0.004020%
KOURAKUEN HOLDINGS CORP;0.003981%
TOYO TANSO CO;0.003979%
YAHAGI CONSTRUCTION CO;0.003979%
SHINNIHON CORP;0.003976%
HT&E;0.003950%
GIORDANO INTERNATIONAL;0.003948%
NATIONAL CINEMEDIA;0.003944%
PIA CORP;0.003935%
FORTERRA (US);0.003914%
EAGLE INDUSTRY CO;0.003910%
VIEWRAY;0.003893%
TERVITA;0.003875%
MATSUDA SANGYO CO;0.003864%
GOURMET NAVIGATOR;0.003850%
REV GROUP;0.003844%
CHIYODA INTEGRE CO;0.003838%
SPARX GROUP CO;0.003837%
LUTHER BURBANK;0.003829%
DAIKEN CORP;0.003828%
UNITED INSURANCE HLDGS;0.003811%
EMPEROR INTL HLDG;0.003807%
KROSAKI HARIMA CORP;0.003777%
MATSUYA CO;0.003770%
COOKPAD;0.003767%
FUNDING CIRCLE HOLDINGS;0.003764%
COSCO SHIPPING INTL SG;0.003757%
SHINDENGEN ELECTRIC;0.003745%
MEDARTIS HOLDING;0.003735%
AISAN INDUSTRY CO;0.003721%
CHIYODA CO;0.003698%
DANIELI & CO;0.003697%
BENEXT GROUP;0.003669%
JACQUET METAL SERVICE;0.003640%
FUJI PHARMA CO;0.003636%
TRANSAT A.T.;0.003627%
NEC CAPITAL SOLUTIONS;0.003620%
AMALGAMATED BANK A;0.003593%
TOPY INDUSTRIES;0.003579%
NETUREN CO;0.003556%
SAES GETTERS;0.003519%
NIHON CHOUZAI CO;0.003508%
MEIKO NETWORK JAPAN CO;0.003478%
TAMA HOME;0.003463%
FACC;0.003436%
CHIP ENG SENG;0.003423%
CMK CORP;0.003410%
SIF HOLDING;0.003390%
MONDADORI;0.003384%
SANSHIN ELECTRONICS CO;0.003382%
INDEPENDENCE HOLDING CO;0.003361%
MOELIS AUSTRALIA;0.003360%
ELRINGKLINGER;0.003355%
EXMAR;0.003347%
HOCHIKI CORP;0.003314%
VAN DE VELDE;0.003295%
NIPPON BEET SUGAR MFG CO;0.003281%
KANSAI SUPER MARKET;0.003280%
PLAYA HOTELS & RESORTS;0.003280%
CORBY SPIRIT AND WINE A;0.003269%
OXLEY HOLDINGS;0.003250%
RUSH ENTERPRISES B;0.003228%
SFP HOLDINGS CO;0.003220%
JAPAN BEST RESCUE SYSTEM;0.003201%
LINK AND MOTIVATION;0.003169%
MELCO HOLDINGS;0.003166%
PROPERTY & BUILDING CORP;0.003143%
SIOEN INDUSTRIES;0.003120%
CMIC HOLDINGS CO;0.003119%
ELEMATEC CORP;0.003109%
WOWOW;0.003034%
CATASYS;0.003029%
CASA SYSTEMS;0.003021%
GRUPO PRISA;0.002991%
YAMADA CONSULTING GROUP;0.002982%
OPENDOOR;0.002982%
NICHIBAN CO;0.002959%
LA DORIA;0.002950%
STUDIO ALICE CO;0.002945%
SEMPERIT AG HOLDING;0.002941%
CANFOR PULP PRODUCTS;0.002941%
WORLD HOLDINGS CO;0.002923%
YOMIURI LAND CO;0.002918%
NIHON TRIM CO;0.002908%
HISAKA WORKS;0.002897%
RAYSUM CO;0.002791%
ITOKURO;0.002791%
SG FLEET GROUP;0.002703%
BUMITAMA AGRI;0.002696%
AEON FANTASY CO;0.002674%
DELTA GALIL INDUSTRIES;0.002665%
GRUPO EMPRESARIAL SAN JO;0.002650%
TRIBUNE PUBLISHING CO;0.002639%
SEKISUI PLASTICS CO;0.002629%
UNITED;0.002576%
GECOSS CORP;0.002559%
JAPAN TISSUE ENGINEERING;0.002550%
DAISYO CORP;0.002485%
MOTA ENGIL SGPS;0.002472%
MTI;0.002419%
SEC CARBON;0.002401%
CORONA CORP;0.002306%
CRAWFORD & CO A;0.002302%
YUSHIN PRECISION EQUIP;0.002276%
LANDS' END;0.002102%
PROSIGHT GLOBAL;0.002100%
NORSTAR HOLDINGS;0.002063%
MORGUARD REIT;0.002037%
