APPLE INC;4,09%;US0378331005
MICROSOFT CORP;3,81%;US5949181045
AMAZON.COM INC;2,53%;US0231351067
FACEBOOK INC;1,30%;US30303M1027
ALPHABET INC-CL A;1,25%;US02079K3059
ALPHABET INC-CL C;1,04%;US02079K1079
VISA INC;0,98%;US92826C8394
PROCTER & GAMBLE CO/THE;0,92%;US7427181091
NESTLE SA;0,90%;CH0038863350
ROCHE HOLDING AG;0,81%;CH0012032048
MASTERCARD INC;0,81%;US57636Q1040
INTEL CORP;0,79%;US4581401001
JPMORGAN CHASE & CO;0,74%;US46625H1005
JOHNSON & JOHNSON;0,71%;US4781601046
HOME DEPOT INC/THE;0,69%;US4370761029
UNITEDHEALTH GROUP INC;0,66%;US91324P1021
VERIZON COMMUNICATIONS INC;0,64%;US92343V1044
MERCK & CO INC;0,62%;US58933Y1055
AT&T INC;0,61%;US00206R1023
ACCENTURE PLC;0,58%;IE00B4BNMY34
ADOBE INC;0,52%;US00724F1012
NVIDIA CORP;0,52%;US67066G1040
AMERICAN TOWER CORP;0,49%;US03027X1000
AMGEN INC;0,48%;US0311621009
BANK OF AMERICA CORP;0,47%;US0605051046
PEPSICO INC;0,47%;US7134481081
ORACLE CORP;0,46%;US68389X1054
ABBVIE INC;0,45%;US00287Y1091
NOVO NORDISK A/S;0,45%;DK0060534915
COMCAST CORP;0,44%;US20030N1019
BERKSHIRE HATHAWAY INC;0,42%;US0846707026
COSTCO WHOLESALE CORP;0,42%;US22160K1051
ENEL SPA;0,41%;IT0003128367
NETFLIX INC;0,39%;US64110L1061
CITIGROUP INC;0,37%;US1729674242
BRISTOL-MYERS SQUIBB CO;0,37%;US1101221083
SANOFI;0,37%;FR0000120578
PAYPAL HOLDINGS INC;0,36%;US70450Y1038
PFIZER INC;0,35%;US7170811035
LVMH MOET HENNESSY LOUIS VUITT;0,35%;FR0000121014
NOVARTIS AG;0,35%;CH0012005267
ZURICH INSURANCE GROUP AG;0,35%;CH0011075394
CISCO SYSTEMS INC;0,34%;US17275R1023
IBERDROLA SA;0,34%;ES0144580Y14
L'OREAL SA;0,34%;FR0000120321
TESLA INC;0,34%;US88160R1014
ABBOTT LABORATORIES;0,33%;US0028241000
ELI LILLY AND CO;0,32%;US5324571083
EATON CORP PLC;0,32%;IE00B8KQN827
WALT DISNEY CO/THE;0,31%;US2546871060
COCA-COLA CO/THE;0,31%;US1912161007
MEDTRONIC PLC;0,31%;IE00BTN1Y115
MORGAN STANLEY;0,30%;US6174464486
TEXAS INSTRUMENTS INC;0,29%;US8825081040
DANAHER CORP;0,29%;US2358511028
SCHNEIDER ELECTRIC SE;0,29%;FR0000121972
CHEVRON CORP;0,29%;US1667641005
ASTRAZENECA PLC;0,28%;GB0009895292
S&P GLOBAL INC;0,28%;US78409V1044
GILEAD SCIENCES INC;0,28%;US3755581036
MSCI INC;0,28%;US55354G1004
UNION PACIFIC CORP;0,27%;US9078181081
CONOCOPHILLIPS;0,27%;US20825C1045
ASML HOLDING NV;0,27%;NL0010273215
QUALCOMM INC;0,26%;US7475251036
THERMO FISHER SCIENTIFIC INC;0,26%;US8835561023
GLAXOSMITHKLINE PLC;0,26%;GB0009252882
ROYAL DUTCH SHELL PLC;0,26%;GB00B03MLX29
CSL LTD;0,25%;AU000000CSL8
SHOPIFY INC;0,25%;CA82509L1076
RIO TINTO PLC;0,25%;GB0007188757
INTERNATIONAL BUSINESS MACHINE;0,24%;US4592001014
SALESFORCE.COM INC;0,24%;US79466L3024
INTUIT INC;0,24%;US4612021034
SOUTHERN CO/THE;0,24%;US8425871071
UNILEVER NV;0,23%;NL0000388619
BROADCOM INC;0,23%;US11135F1012
TARGET CORP;0,23%;US87612E1064
GOLDMAN SACHS GROUP INC/THE;0,23%;US38141G1040
CUMMINS INC;0,22%;US2310211063
CVS HEALTH CORP;0,22%;US1266501006
MICRON TECHNOLOGY INC;0,22%;US5951121038
ALLIANZ SE;0,22%;DE0008404005
EXXON MOBIL CORP;0,22%;US30231G1022
SONY CORP;0,22%;JP3435000009
LOWE'S COS INC;0,21%;US5486611073
SAP SE;0,21%;DE0007164600
AMERICAN EXPRESS CO;0,21%;US0258161092
MONDELEZ INTERNATIONAL INC;0,21%;US6092071058
MUENCHENER RUECKVERSICHERUNGS-;0,21%;DE0008430026
PARKER-HANNIFIN CORP;0,21%;US7010941042
LAM RESEARCH CORP;0,21%;US5128071082
SUMITOMO MITSUI FINANCIAL GROU;0,20%;JP3890350006
ILLINOIS TOOL WORKS INC;0,20%;US4523081093
COMMONWEALTH BANK OF AUSTRALIA;0,20%;AU000000CBA7
NIKE INC;0,20%;US6541061031
KDDI CORP;0,20%;JP3496400007
ESTEE LAUDER COS INC/THE;0,20%;US5184391044
PROLOGIS INC;0,20%;US74340W1036
HONDA MOTOR CO LTD;0,20%;JP3854600008
BARRICK GOLD CORP;0,20%;CA0679011084
TOYOTA MOTOR CORP;0,20%;JP3633400001
TOTAL SA;0,20%;FR0000120271
SWISSCOM AG;0,19%;CH0008742519
ATLAS COPCO AB;0,19%;SE0011166610
RESMED INC;0,19%;US7611521078
WOLTERS KLUWER NV;0,19%;NL0000395903
ENTERGY CORP;0,19%;US29364G1031
CIGNA CORP;0,19%;US1255231003
ANTHEM INC;0,19%;US0367521038
EBAY INC;0,19%;US2786421030
SERVICENOW INC;0,19%;US81762P1021
WASTE MANAGEMENT INC;0,19%;US94106L1098
METLIFE INC;0,19%;US59156R1086
NEXTERA ENERGY INC;0,19%;US65339F1012
ADIDAS AG;0,18%;DE000A1EWWW0
UNITED PARCEL SERVICE INC;0,18%;US9113121068
MITSUBISHI UFJ FINANCIAL GROUP;0,18%;JP3902900004
NTT DOCOMO INC;0,18%;JP3165650007
AUTOMATIC DATA PROCESSING INC;0,18%;US0530151036
MERCK KGAA;0,18%;DE0006599905
FRANCO-NEVADA CORP;0,18%;CA3518581051
NIPPON TELEGRAPH & TELEPHONE C;0,18%;JP3735400008
BAYER AG;0,18%;DE000BAY0017
AXA SA;0,18%;FR0000120628
CLOROX CO/THE;0,18%;US1890541097
CSX CORP;0,17%;US1264081035
APPLIED MATERIALS INC;0,17%;US0382221051
CHARTER COMMUNICATIONS INC;0,17%;US16119P1084
BLACKSTONE GROUP INC/THE;0,17%;US09260D1072
FIRSTENERGY CORP;0,17%;US3379321074
BLACKROCK INC;0,17%;US09247X1019
KONINKLIJKE AHOLD DELHAIZE NV;0,17%;NL0011794037
VERTEX PHARMACEUTICALS INC;0,17%;US92532F1003
PACCAR INC;0,17%;US6937181088
STARBUCKS CORP;0,17%;US8552441094
DOLLAR GENERAL CORP;0,17%;US2566771059
GENERAL MILLS INC;0,16%;US3703341046
MCDONALD'S CORP;0,16%;US5801351017
HUMANA INC;0,16%;US4448591028
KIMBERLY-CLARK CORP;0,16%;US4943681035
HERSHEY CO/THE;0,16%;US4278661081
ITOCHU CORP;0,16%;JP3143600009
BHP GROUP LTD;0,16%;AU000000BHP4
WELLS FARGO & CO;0,16%;US9497461015
ZOETIS INC;0,16%;US98978V1035
UNILEVER PLC;0,16%;GB00B10RZP78
VEEVA SYSTEMS INC;0,16%;US9224751084
BAXTER INTERNATIONAL INC;0,16%;US0718131099
SEKISUI HOUSE LTD;0,15%;JP3420600003
GENERAL ELECTRIC CO;0,15%;US3696041033
ASTELLAS PHARMA INC;0,15%;JP3942400007
SOFTBANK GROUP CORP;0,15%;JP3436100006
EDWARDS LIFESCIENCES CORP;0,15%;US28176E1082
CHURCH & DWIGHT CO INC;0,15%;US1713401024
BIOGEN INC;0,15%;US09062X1037
LULULEMON ATHLETICA INC;0,15%;US5500211090
MANULIFE FINANCIAL CORP;0,15%;CA56501R1064
WOOLWORTHS GROUP LTD;0,15%;AU000000WOW2
VINCI SA;0,15%;FR0000125486
LEGAL & GENERAL GROUP PLC;0,15%;GB0005603997
CROWN CASTLE INTERNATIONAL COR;0,15%;US22822V1017
CDW CORP/DE;0,15%;US12514G1085
HENKEL AG & CO KGAA;0,15%;DE0006048432
VERISIGN INC;0,15%;US92343E1029
HORMEL FOODS CORP;0,14%;US4404521001
ROYAL DUTCH SHELL PLC;0,14%;GB00B03MM408
BP PLC;0,14%;GB0007980591
ANGLO AMERICAN PLC;0,14%;GB00B1XZS820
OLD DOMINION FREIGHT LINE INC;0,14%;US6795801009
ACTIVISION BLIZZARD INC;0,14%;US00507V1098
UNITED RENTALS INC;0,14%;US9113631090
NATIONAL BANK OF CANADA;0,14%;CA6330671034
DAVITA INC;0,14%;US23918K1088
CARLSBERG A/S;0,14%;DK0010181759
NEWMONT CORP;0,13%;US6516391066
VOLVO AB;0,13%;SE0000115446
CK ASSET HOLDINGS LTD;0,13%;KYG2177B1014
REGENERON PHARMACEUTICALS INC;0,13%;US75886F1075
MOTOROLA SOLUTIONS INC;0,13%;US6200763075
WEST PHARMACEUTICAL SERVICES I;0,13%;US9553061055
MERCADOLIBRE INC;0,13%;US58733R1023
SUN LIFE FINANCIAL INC;0,13%;CA8667961053
HITACHI LTD;0,13%;JP3788600009
AMETEK INC;0,13%;US0311001004
PRUDENTIAL FINANCIAL INC;0,13%;US7443201022
ORIX CORP;0,13%;JP3200450009
INPEX CORP;0,13%;JP3294460005
INTERCONTINENTAL EXCHANGE INC;0,13%;US45866F1049
ESSITY AB;0,13%;SE0009922164
BHP GROUP PLC;0,12%;GB00BH0P3Z91
ALIMENTATION COUCHE-TARD INC;0,12%;CA01626P4033
FORTESCUE METALS GROUP LTD;0,12%;AU000000FMG4
MITSUBISHI CORP;0,12%;JP3898400001
KANSAS CITY SOUTHERN;0,12%;US4851703029
NORFOLK SOUTHERN CORP;0,12%;US6558441084
TRANSDIGM GROUP INC;0,12%;US8936411003
ADVANCED MICRO DEVICES INC;0,12%;US0079031078
TELEDYNE TECHNOLOGIES INC;0,12%;US8793601050
EMERSON ELECTRIC CO;0,12%;US2910111044
KONINKLIJKE DSM NV;0,12%;NL0000009827
ECOLAB INC;0,12%;US2788651006
ALLSTATE CORP/THE;0,12%;US0200021014
ROYAL BANK OF CANADA;0,12%;CA7800871021
SIEMENS AG;0,12%;DE0007236101
HP INC;0,12%;US40434L1052
TJX COS INC/THE;0,12%;US8725401090
ENGIE SA;0,12%;FR0010208488
MAGNA INTL INC;0,12%;CA5592224011
MITSUBISHI HEAVY INDUSTRIES LT;0,12%;JP3900000005
FASTENAL CO;0,12%;US3119001044
MARSH & MCLENNAN COS INC;0,12%;US5717481023
EQUITY LIFESTYLE PROPERTIES IN;0,12%;US29472R1086
NN GROUP NV;0,12%;NL0010773842
SUN HUNG KAI PROPERTIES LTD;0,12%;HK0016000132
DEUTSCHE BOERSE AG;0,11%;DE0005810055
DR HORTON INC;0,11%;US23331A1097
CATERPILLAR INC;0,11%;US1491231015
BOOKING HOLDINGS INC;0,11%;US09857L1089
JOHNSON CONTROLS INTERNATIONAL;0,11%;IE00BY7QL619
COGNIZANT TECHNOLOGY SOLUTIONS;0,11%;US1924461023
WALGREENS BOOTS ALLIANCE INC;0,11%;US9314271084
VALERO ENERGY CORP;0,11%;US91913Y1001
SYNOPSYS INC;0,11%;US8716071076
BRIDGESTONE CORP;0,11%;JP3830800003
GARMIN LTD;0,11%;CH0114405324
CANADIAN PACIFIC RAILWAY LTD;0,11%;CA13645T1003
KROGER CO/THE;0,11%;US5010441013
AGILENT TECHNOLOGIES INC;0,11%;US00846U1016
DBS GROUP HOLDINGS LTD;0,11%;SG1L01001701
SCHINDLER HOLDING AG;0,11%;CH0024638196
WESTERN UNION CO/THE;0,11%;US9598021098
SBA COMMUNICATIONS CORP;0,11%;US78410G1040
BROWN & BROWN INC;0,11%;US1152361010
CHOCOLADEFABRIKEN LINDT & SPRU;0,11%;CH0010570767
LENNAR CORP;0,11%;US5260571048
AMERIPRISE FINANCIAL INC;0,11%;US03076C1062
HCA HEALTHCARE INC;0,11%;US40412C1018
TC ENERGY CORP;0,11%;CA87807B1076
SEMPRA ENERGY;0,10%;US8168511090
ANALOG DEVICES INC;0,10%;US0326541051
PAYCHEX INC;0,10%;US7043261079
T ROWE PRICE GROUP INC;0,10%;US74144T1088
SHERWIN-WILLIAMS CO/THE;0,10%;US8243481061
BEST BUY CO INC;0,10%;US0865161014
WEC ENERGY GROUP INC;0,10%;US92939U1060
DEUTSCHE POST AG;0,10%;DE0005552004
INDUSTRIA DE DISENO TEXTIL SA;0,10%;ES0148396007
MITSUI & CO LTD;0,10%;JP3893600001
BNP PARIBAS SA;0,10%;FR0000131104
FERGUSON PLC;0,10%;JE00BJVNSS43
EIFFAGE SA;0,10%;FR0000130452
RELX PLC;0,10%;GB00B2B0DG97
AMERICAN ELECTRIC POWER CO INC;0,10%;US0255371017
GALAXY ENTERTAINMENT GROUP LTD;0,10%;HK0027032686
STATE STREET CORP;0,10%;US8574771031
CIE GENERALE DES ETABLISSEMENT;0,10%;FR0000121261
NINTENDO CO LTD;0,10%;JP3756600007
VMWARE INC;0,10%;US9285634021
BALL CORP;0,10%;US0584981064
UPM-KYMMENE OYJ;0,10%;FI0009005987
CANON INC;0,10%;JP3242800005
SUMITOMO MITSUI TRUST HOLDINGS;0,10%;JP3892100003
PUBLIC STORAGE;0,10%;US74460D1090
BARRATT DEVELOPMENTS PLC;0,10%;GB0000811801
NATIONAL GRID PLC;0,10%;GB00BDR05C01
TESCO PLC;0,10%;GB0008847096
DAIKIN INDUSTRIES LTD;0,10%;JP3481800005
DAIWA HOUSE INDUSTRY CO LTD;0,10%;JP3505000004
AKAMAI TECHNOLOGIES INC;0,10%;US00971T1016
MCKESSON CORP;0,09%;US58155Q1031
SPLUNK INC;0,09%;US8486371045
TAKEDA PHARMACEUTICAL CO LTD;0,09%;JP3463000004
KKR & CO INC;0,09%;US48251W1045
AON PLC;0,09%;IE00BLP1HW54
KBC GROUP NV;0,09%;BE0003565737
CGI INC;0,09%;CA12532H1047
THOMSON REUTERS CORP;0,09%;CA8849037095
CADENCE DESIGN SYSTEMS INC;0,09%;US1273871087
KAO CORP;0,09%;JP3205800000
KINROSS GOLD CORP;0,09%;CA4969024047
DOW INC;0,09%;US2605571031
CERNER CORP;0,09%;US1567821046
SIMON PROPERTY GROUP INC;0,09%;US8288061091
RECKITT BENCKISER GROUP PLC;0,09%;GB00B24CGK77
DEXCOM INC;0,09%;US2521311074
SONOVA HOLDING AG;0,09%;CH0012549785
SKANSKA AB;0,09%;SE0000113250
LEGRAND SA;0,09%;FR0010307819
M&G PLC;0,09%;GB00BKFB1C65
ASHTEAD GROUP PLC;0,09%;GB0000536739
PNC FINANCIAL SERVICES GROUP I;0,09%;US6934751057
VORNADO REALTY TRUST;0,09%;US9290421091
IDEXX LABORATORIES INC;0,09%;US45168D1046
STRYKER CORP;0,09%;US8636671013
SOFTBANK CORP;0,09%;JP3732000009
DISH NETWORK CORP;0,09%;US25470M1099
LYONDELLBASELL INDUSTRIES NV;0,09%;NL0009434992
STERIS PLC;0,09%;IE00BFY8C754
TAYLOR WIMPEY PLC;0,09%;GB0008782301
PROGRESSIVE CORP/THE;0,09%;US7433151039
MACQUARIE GROUP LTD;0,09%;AU000000MQG1
FLEETCOR TECHNOLOGIES INC;0,09%;US3390411052
SQUARE INC;0,09%;US8522341036
DEUTSCHE TELEKOM AG;0,09%;DE0005557508
XCEL ENERGY INC;0,09%;US98389B1008
EQUINIX INC;0,09%;US29444U7000
KELLOGG CO;0,09%;US4878361082
TRANE TECHNOLOGIES PLC;0,09%;IE00BK9ZQ967
KLA CORP;0,09%;US4824801009
MOODY'S CORP;0,09%;US6153691059
WILLIS TOWERS WATSON PLC;0,09%;IE00BDB6Q211
EVERSOURCE ENERGY;0,09%;US30040W1080
MITSUBISHI ELECTRIC CORP;0,09%;JP3902400005
COPART INC;0,08%;US2172041061
KEYSIGHT TECHNOLOGIES INC;0,08%;US49338L1035
SWISS PRIME SITE AG;0,08%;CH0008038389
HEALTHPEAK PROPERTIES INC;0,08%;US42250P1030
TELEPERFORMANCE;0,08%;FR0000051807
BROWN-FORMAN CORP;0,08%;US1156372096
OBAYASHI CORP;0,08%;JP3190000004
SSE PLC;0,08%;GB0007908733
EXPERIAN PLC;0,08%;GB00B19NLV48
NEC CORP;0,08%;JP3733000008
ELECTRONIC ARTS INC;0,08%;US2855121099
GIVAUDAN SA;0,08%;CH0010645932
PULTEGROUP INC;0,08%;US7458671010
FOX CORP;0,08%;US35137L2043
STOCKLAND;0,08%;AU000000SGP0
BANK OF NEW YORK MELLON CORP/T;0,08%;US0640581007
WHEATON PRECIOUS METALS CORP;0,08%;CA9628791027
US BANCORP;0,08%;US9029733048
HYDRO ONE LIMITED;0,08%;CA4488112083
FISHER & PAYKEL HEALTHCARE COR;0,08%;NZFAPE0001S2
BERKELEY GROUP HOLDINGS PLC;0,08%;GB00B02L3W35
ALGONQUIN POWER & UTIL CORP;0,08%;CA0158571053
AUTODESK INC;0,08%;US0527691069
AIA GROUP LTD;0,08%;HK0000069689
KONINKLIJKE PHILIPS NV;0,08%;NL0000009538
KIRIN HOLDINGS CO LTD;0,08%;JP3258000003
MAZDA MOTOR CORP;0,08%;JP3868400007
SARTORIUS AG;0,08%;DE0007165631
3M CO;0,08%;US88579Y1010
IMPERIAL OIL LTD;0,08%;CA4530384086
LINDE PLC;0,08%;IE00BZ12WP82
COLOPLAST A/S;0,08%;DK0060448595
XYLEM INC/NY;0,08%;US98419M1009
MARKETAXESS HOLDINGS INC;0,08%;US57060D1081
AGNC INVESTMENT CORP;0,08%;US00123Q1040
SYSCO CORP;0,08%;US8718291078
UNIPER SE;0,08%;DE000UNSE018
INGENICO GROUP SA;0,08%;FR0000125346
NXP SEMICONDUCTORS NV;0,08%;NL0009538784
COCA-COLA HBC AG;0,08%;CH0198251305
HANNOVER RUECK SE;0,08%;DE0008402215
CBRE GROUP INC;0,07%;US12504L1098
FOX CORP;0,07%;US35137L1052
SMITH & NEPHEW PLC;0,07%;GB0009223206
LIBERTY MEDIA CORP-LIBERTY SIR;0,07%;US5312294094
ANSYS INC;0,07%;US03662Q1058
RECRUIT HOLDINGS CO LTD;0,07%;JP3970300004
JAPAN POST HOLDINGS CO LTD;0,07%;JP3752900005
ENEOS HOLDINGS INC;0,07%;JP3386450005
TYSON FOODS INC;0,07%;US9024941034
OKTA INC;0,07%;US6792951054
RIO TINTO LTD;0,07%;AU000000RIO1
ROSS STORES INC;0,07%;US7782961038
O'REILLY AUTOMOTIVE INC;0,07%;US67103H1077
UBS GROUP AG;0,07%;CH0244767585
REPUBLIC SERVICES INC;0,07%;US7607591002
SANDS CHINA LTD;0,07%;KYG7800X1079
FORTUNE BRANDS HOME & SECURITY;0,07%;US34964C1062
ELISA OYJ;0,07%;FI0009007884
GOODMAN GROUP;0,07%;AU000000GMG2
FUJITSU LTD;0,07%;JP3818000006
OMNICOM GROUP INC;0,07%;US6819191064
QUEST DIAGNOSTICS INC;0,07%;US74834L1008
CRH PLC;0,07%;IE0001827041
KONE OYJ;0,07%;FI0009013403
NASDAQ INC;0,07%;US6311031081
AUSTRALIA & NEW ZEALAND BANKIN;0,07%;AU000000ANZ3
DAIICHI SANKYO CO LTD;0,07%;JP3475350009
ENDESA SA;0,07%;ES0130670112
SEVEN & I HOLDINGS CO LTD;0,07%;JP3422950000
MTU AERO ENGINES AG;0,07%;DE000A0D9PT0
GLENCORE PLC;0,07%;JE00B4T3BW64
MCCORMICK & CO INC/MD;0,07%;US5797802064
COLGATE-PALMOLIVE CO;0,07%;US1941621039
COCA-COLA EUROPEAN PARTNERS PL;0,07%;GB00BDCPN049
TAISEI CORP;0,07%;JP3443600006
NESTE OYJ;0,07%;FI0009013296
ARROW ELECTRONICS INC;0,07%;US0427351004
BARCLAYS PLC;0,07%;GB0031348658
ILLUMINA INC;0,07%;US4523271090
WELLTOWER INC;0,07%;US95040Q1040
SINGAPORE EXCHANGE LTD;0,07%;SG1J26887955
SECOM CO LTD;0,07%;JP3421800008
WW GRAINGER INC;0,07%;US3848021040
KERING SA;0,07%;FR0000121485
TOKYO ELECTRON LTD;0,07%;JP3571400005
OWENS CORNING;0,07%;US6907421019
MARUBENI CORP;0,07%;JP3877600001
OSAKA GAS CO LTD;0,07%;JP3180400008
KEYENCE CORP;0,07%;JP3236200006
FAST RETAILING CO LTD;0,07%;JP3802300008
EQUITABLE HOLDINGS INC;0,06%;US29452E1010
AVIVA PLC;0,06%;GB0002162385
KINDER MORGAN INC;0,06%;US49456B1017
EXPEDITORS INTERNATIONAL OF WA;0,06%;US3021301094
FIDELITY NATIONAL FINANCIAL IN;0,06%;US31620R3030
TE CONNECTIVITY LTD;0,06%;CH0102993182
WORKDAY INC;0,06%;US98138H1014
TELEFONAKTIEBOLAGET LM ERICSSO;0,06%;SE0000108656
MASCO CORP;0,06%;US5745991068
FISERV INC;0,06%;US3377381088
PRYSMIAN SPA;0,06%;IT0004176001
POSTE ITALIANE SPA;0,06%;IT0003796171
AMERISOURCEBERGEN CORP;0,06%;US03073E1055
EQUITY RESIDENTIAL;0,06%;US29476L1070
VEOLIA ENVIRONNEMENT SA;0,06%;FR0000124141
INTESA SANPAOLO SPA;0,06%;IT0000072618
GEBERIT AG;0,06%;CH0030170408
LLOYDS BANKING GROUP PLC;0,06%;GB0008706128
RINGCENTRAL INC;0,06%;US76680R2067
LUNDIN ENERGY AB;0,06%;SE0000825820
DOMINO'S PIZZA INC;0,06%;US25754A2015
PERSIMMON PLC;0,06%;GB0006825383
SHISEIDO CO LTD;0,06%;JP3351600006
NIBE INDUSTRIER AB;0,06%;SE0008321293
ASCENDAS REAL ESTATE INVESTMEN;0,06%;SG1M77906915
CHIPOTLE MEXICAN GRILL INC;0,06%;US1696561059
PEUGEOT SA;0,06%;FR0000121501
TRACTOR SUPPLY CO;0,06%;US8923561067
REGIONS FINANCIAL CORP;0,06%;US7591EP1005
SUMITOMO CORP;0,06%;JP3404600003
ADYEN NV;0,06%;NL0012969182
VOLKSWAGEN AG;0,06%;DE0007664039
CK HUTCHISON HOLDINGS LTD;0,06%;KYG217651051
EISAI CO LTD;0,06%;JP3160400002
TYLER TECHNOLOGIES INC;0,06%;US9022521051
ORKLA ASA;0,06%;NO0003733800
CELANESE CORP;0,06%;US1508701034
HEICO CORP;0,06%;US4228061093
WEST JAPAN RAILWAY CO;0,06%;JP3659000008
NUCOR CORP;0,06%;US6703461052
CAPITAL ONE FINANCIAL CORP;0,06%;US14040H1059
DOCUSIGN INC;0,06%;US2561631068
B2GOLD CORP;0,06%;CA11777Q2099
MONSTER BEVERAGE CORP;0,06%;US61174X1090
VEREIT INC;0,06%;US92339V1008
FRESENIUS MEDICAL CARE AG & CO;0,06%;DE0005785802
LONDON STOCK EXCHANGE GROUP PL;0,06%;GB00B0SWJX34
ESSILORLUXOTTICA SA;0,06%;FR0000121667
TWILIO INC;0,06%;US90138F1021
AUTOZONE INC;0,06%;US0533321024
INTACT FINANCIAL CORP;0,06%;CA45823T1066
SARTORIUS STEDIM BIOTECH;0,06%;FR0013154002
WESTON (GEORGE) LTD;0,06%;CA9611485090
KNIGHT-SWIFT TRANSPORTATION HO;0,06%;US4990491049
SYNCHRONY FINANCIAL;0,06%;US87165B1035
SS&C TECHNOLOGIES HOLDINGS INC;0,06%;US78467J1007
STANLEY BLACK & DECKER INC;0,05%;US8545021011
STMICROELECTRONICS NV;0,05%;NL0000226223
BOC HONG KONG HOLDINGS LTD;0,05%;HK2388011192
KEYCORP;0,05%;US4932671088
EOG RESOURCES INC;0,05%;US26875P1012
OPEN TEXT CORPORATION;0,05%;CA6837151068
HOWMET AEROSPACE INC;0,05%;US4432011082
ACS ACTIVIDADES DE CONSTRUCCIO;0,05%;ES0167050915
JAPAN AIRLINES CO LTD;0,05%;JP3705200008
VODAFONE GROUP PLC;0,05%;GB00BH4HKS39
FMC CORP;0,05%;US3024913036
SEAGATE TECHNOLOGY PLC;0,05%;IE00B58JVZ52
JACK HENRY & ASSOCIATES INC;0,05%;US4262811015
SKYWORKS SOLUTIONS INC;0,05%;US83088M1027
CARL ZEISS MEDITEC AG;0,05%;DE0005313704
DARDEN RESTAURANTS INC;0,05%;US2371941053
ITV PLC;0,05%;GB0033986497
HILTON WORLDWIDE HOLDINGS INC;0,05%;US43300A2033
INTERPUBLIC GROUP OF COS INC/T;0,05%;US4606901001
HOST HOTELS & RESORTS INC;0,05%;US44107P1049
PACKAGING CORP OF AMERICA;0,05%;US6951561090
ATOS SE;0,05%;FR0000051732
BROADRIDGE FINANCIAL SOLUTIONS;0,05%;US11133T1034
FAIR ISAAC CORP;0,05%;US3032501047
MURATA MANUFACTURING CO LTD;0,05%;JP3914400001
PARTNERS GROUP HOLDING AG;0,05%;CH0024608827
TMX GROUP LTD;0,05%;CA87262K1057
CENTENE CORP;0,05%;US15135B1017
EDENRED;0,05%;FR0010908533
DEERE & CO;0,05%;US2441991054
SHIMIZU CORP;0,05%;JP3358800005
NATIONAL AUSTRALIA BANK LTD;0,05%;AU000000NAB4
CONAGRA BRANDS INC;0,05%;US2058871029
DELIVERY HERO SE;0,05%;DE000A2E4K43
KAJIMA CORP;0,05%;JP3210200006
CHUBU ELECTRIC POWER CO INC;0,05%;JP3526600006
L E LUNDBERGFORETAGEN AB;0,05%;SE0000108847
HENNES & MAURITZ AB;0,05%;SE0000106270
UNIVERSAL HEALTH SERVICES INC;0,05%;US9139031002
DISCOVERY INC;0,05%;US25470F1049
UNITED UTILITIES GROUP PLC;0,05%;GB00B39J2M42
SHIN-ETSU CHEMICAL CO LTD;0,05%;JP3371200001
FERRARI NV;0,05%;NL0011585146
DIRECT LINE INSURANCE GROUP PL;0,05%;GB00BY9D0Y18
EQUINOR ASA;0,05%;NO0010096985
KION GROUP AG;0,05%;DE000KGX8881
NOMURA REAL ESTATE HOLDINGS IN;0,05%;JP3762900003
SPIRAX-SARCO ENGINEERING PLC;0,05%;GB00BWFGQN14
SNAP-ON INC;0,05%;US8330341012
TWITTER INC;0,05%;US90184L1026
PANASONIC CORP;0,05%;JP3866800000
FIAT CHRYSLER AUTOMOBILES NV;0,05%;NL0010877643
OMEGA HEALTHCARE INVESTORS INC;0,05%;US6819361006
YAMANA GOLD INC;0,05%;CA98462Y1007
WHEELOCK & CO LTD;0,05%;HK0020000177
ASAHI GROUP HOLDINGS LTD;0,05%;JP3116000005
INVITATION HOMES INC;0,04%;US46187W1071
YAMATO HOLDINGS CO LTD;0,04%;JP3940000007
EASTMAN CHEMICAL CO;0,04%;US2774321002
ALLY FINANCIAL INC;0,04%;US02005N1000
SOLVAY SA;0,04%;BE0003470755
GENERAL MOTORS CO;0,04%;US37045V1008
JERONIMO MARTINS SGPS SA;0,04%;PTJMT0AE0001
DENSO CORP;0,04%;JP3551500006
TEIJIN LTD;0,04%;JP3544000007
COCA-COLA AMATIL LTD;0,04%;AU000000CCL2
SEGRO PLC;0,04%;GB00B5ZN1N88
VOLKSWAGEN AG;0,04%;DE0007664005
CAPITALAND LTD;0,04%;SG1J27887962
AFLAC INC;0,04%;US0010551028
TECHTRONIC INDUSTRIES CO LTD;0,04%;HK0669013440
AROUNDTOWN SA;0,04%;LU1673108939
ORION OYJ;0,04%;FI0009014377
ULTA BEAUTY INC;0,04%;US90384S3031
MITSUBISHI CHEMICAL HOLDINGS C;0,04%;JP3897700005
INTUITIVE SURGICAL INC;0,04%;US46120E6023
WIX.COM LTD;0,04%;IL0011301780
BURBERRY GROUP PLC;0,04%;GB0031743007
CIE DE SAINT-GOBAIN;0,04%;FR0000125007
UCB SA;0,04%;BE0003739530
ATLAS COPCO AB;0,04%;SE0011166628
WHIRLPOOL CORP;0,04%;US9633201069
APTIV PLC;0,04%;JE00B783TY65
ALFRESA HOLDINGS CORP;0,04%;JP3126340003
ALIGN TECHNOLOGY INC;0,04%;US0162551016
SKANDINAVISKA ENSKILDA BANKEN;0,04%;SE0000148884
HENRY SCHEIN INC;0,04%;US8064071025
PAYCOM SOFTWARE INC;0,04%;US70432V1026
AURIZON HOLDINGS LTD;0,04%;AU000000AZJ1
CITY DEVELOPMENTS LTD;0,04%;SG1R89002252
MGM RESORTS INTERNATIONAL;0,04%;US5529531015
BIO-RAD LABORATORIES INC;0,04%;US0905722072
CREDIT AGRICOLE SA;0,04%;FR0000045072
MONGODB INC;0,04%;US60937P1066
SONIC HEALTHCARE LTD;0,04%;AU000000SHL7
INVESTOR AB;0,04%;SE0000107419
LENDLEASE GROUP;0,04%;AU000000LLC3
PANDORA A/S;0,04%;DK0060252690
SHINSEI BANK LTD;0,04%;JP3729000004
CARMAX INC;0,04%;US1431301027
SOFINA SA;0,04%;BE0003717312
SUBARU CORP;0,04%;JP3814800003
SUN COMMUNITIES INC;0,04%;US8666741041
ROBERT HALF INTERNATIONAL INC;0,04%;US7703231032
LAFARGEHOLCIM LTD;0,04%;CH0012214059
CAMPBELL SOUP CO;0,04%;US1344291091
SCENTRE GROUP;0,04%;AU000000SCG8
ALNYLAM PHARMACEUTICALS INC;0,04%;US02043Q1076
VIACOMCBS INC;0,04%;US92556H2067
KINGSPAN GROUP PLC;0,04%;IE0004927939
UNITED OVERSEAS BANK LTD;0,04%;SG1M31001969
J M SMUCKER CO/THE;0,04%;US8326964058
CROWN HOLDINGS INC;0,04%;US2283681060
SKF AB;0,04%;SE0000108227
WESTERN DIGITAL CORP;0,04%;US9581021055
TREND MICRO INC/JAPAN;0,04%;JP3637300009
OMV AG;0,04%;AT0000743059
EXACT SCIENCES CORP;0,04%;US30063P1057
MOLSON COORS BEVERAGE CO;0,04%;US60871R2094
CENTURYLINK INC;0,04%;US1567001060
WYNN MACAU LTD;0,04%;KYG981491007
CINCINNATI FINANCIAL CORP;0,04%;US1720621010
KUBOTA CORP;0,04%;JP3266400005
DELTA AIR LINES INC;0,04%;US2473617023
EXTRA SPACE STORAGE INC;0,04%;US30225T1025
EDISON INTERNATIONAL;0,04%;US2810201077
DAITO TRUST CONSTRUCTION CO LT;0,04%;JP3486800000
TRANSUNION;0,04%;US89400J1079
SUMITOMO HEAVY INDUSTRIES LTD;0,04%;JP3405400007
CAPGEMINI SE;0,04%;FR0000125338
JAZZ PHARMACEUTICALS PLC;0,04%;IE00B4Q5ZN47
HIKMA PHARMACEUTICALS PLC;0,04%;GB00B0LCW083
TERADYNE INC;0,04%;US8807701029
ASSICURAZIONI GENERALI SPA;0,04%;IT0000062072
MIRVAC GROUP;0,04%;AU000000MGR9
KAWASAKI HEAVY INDUSTRIES LTD;0,04%;JP3224200000
EDP - ENERGIAS DE PORTUGAL SA;0,04%;PTEDP0AM0009
AGEAS SA/NV;0,04%;BE0974264930
LAS VEGAS SANDS CORP;0,04%;US5178341070
SUEZ SA;0,04%;FR0010613471
ZOOM VIDEO COMMUNICATIONS INC;0,04%;US98980L1017
AIR CANADA;0,04%;CA0089118776
NETAPP INC;0,04%;US64110D1046
SWISS LIFE HOLDING AG;0,04%;CH0014852781
AERCAP HOLDINGS NV;0,04%;NL0000687663
SWATCH GROUP AG/THE;0,04%;CH0012255151
TOYOTA TSUSHO CORP;0,04%;JP3635000007
ELECTRICITE DE FRANCE SA;0,04%;FR0010242511
SIGNATURE BANK/NEW YORK NY;0,03%;US82669G1040
EVOLUTION GAMING GROUP AB;0,03%;SE0012673267
W R BERKLEY CORP;0,03%;US0844231029
COUPA SOFTWARE INC;0,03%;US22266L1061
CME GROUP INC;0,03%;US12572Q1058
KIRKLAND LAKE GOLD LTD;0,03%;CA49741E1007
CITIZENS FINANCIAL GROUP INC;0,03%;US1746101054
ARCH CAPITAL GROUP LTD;0,03%;BMG0450A1053
VENTAS INC;0,03%;US92276F1003
ANHEUSER-BUSCH INBEV - RSTR;0,03%;BE6288397811
QORVO INC;0,03%;US74736K1016
AMERICAN WATER WORKS CO INC;0,03%;US0304201033
SEVERN TRENT PLC;0,03%;GB00B1FH8J72
A2 MILK CO LTD;0,03%;NZATME0002S8
AGNICO EAGLE MINES LIMITED;0,03%;CA0084741085
QBE INSURANCE GROUP LTD;0,03%;AU000000QBE9
ASAHI KASEI CORP;0,03%;JP3111200006
PAN PACIFIC INTERNATIONAL HOLD;0,03%;JP3639650005
VARIAN MEDICAL SYSTEMS INC;0,03%;US92220P1057
INVESCO LTD;0,03%;BMG491BT1088
TOKYO ELECTRIC POWER CO HOLDIN;0,03%;JP3585800000
CENTRAL JAPAN RAILWAY CO;0,03%;JP3566800003
NOMURA RESEARCH INSTITUTE LTD;0,03%;JP3762800005
NOKIA OYJ;0,03%;FI0009000681
FLUTTER ENTERTAINMENT PLC;0,03%;IE00BWT6H894
CITRIX SYSTEMS INC;0,03%;US1773761002
COMPASS GROUP PLC;0,03%;GB00BD6K4575
HD SUPPLY HOLDINGS INC;0,03%;US40416M1053
DOVER CORP;0,03%;US2600031080
LKQ CORP;0,03%;US5018892084
HALLIBURTON CO;0,03%;US4062161017
NAGOYA RAILROAD CO LTD;0,03%;JP3649800004
TDK CORP;0,03%;JP3538800008
SOHGO SECURITY SERVICES CO LTD;0,03%;JP3431900004
FORTINET INC;0,03%;US34959E1091
DEXUS;0,03%;AU000000DXS1
ROKU INC;0,03%;US77543R1023
RITCHIE BROS AUCTIONEERS INC;0,03%;CA7677441056
MYLAN NV;0,03%;NL0011031208
INTERNATIONAL PAPER CO;0,03%;US4601461035
SINO LAND CO LTD;0,03%;HK0083000502
HOLLYFRONTIER CORP;0,03%;US4361061082
TRADE DESK INC/THE;0,03%;US88339J1051
SODEXO SA;0,03%;FR0000121220
SANTOS LTD;0,03%;AU000000STO6
SNAP INC;0,03%;US83304A1060
M3 INC;0,03%;JP3435750009
GALAPAGOS NV;0,03%;BE0003818359
DEUTSCHE BANK AG;0,03%;DE0005140008
IAC/INTERACTIVECORP;0,03%;US44919P5089
CHUGAI PHARMACEUTICAL CO LTD;0,03%;JP3519400000
ORSTED A/S;0,03%;DK0060094928
APA GROUP;0,03%;AU000000APA1
SUNTORY BEVERAGE & FOOD LTD;0,03%;JP3336560002
HEINEKEN HOLDING NV;0,03%;NL0000008977
DUKE ENERGY CORP;0,03%;US26441C2044
ARISTA NETWORKS INC;0,03%;US0404131064
Z HOLDINGS CORP;0,03%;JP3933800009
MARTIN MARIETTA MATERIALS INC;0,03%;US5732841060
KOSE CORP;0,03%;JP3283650004
OLYMPUS CORP;0,03%;JP3201200007
VALEO SA;0,03%;FR0013176526
TRADEWEB MARKETS INC;0,03%;US8926721064
SBI HOLDINGS INC/JAPAN;0,03%;JP3436120004
MS&AD INSURANCE GROUP HOLDINGS;0,03%;JP3890310000
COLES GROUP LTD;0,03%;AU0000030678
NEXON CO LTD;0,03%;JP3758190007
INCYTE CORP;0,03%;US45337C1027
EPAM SYSTEMS INC;0,03%;US29414B1044
BRENNTAG AG;0,03%;DE000A1DAHH0
KINGFISHER PLC;0,03%;GB0033195214
FRESENIUS SE & CO KGAA;0,03%;DE0005785604
NUTRIEN LTD;0,03%;CA67077M1086
TAKE-TWO INTERACTIVE SOFTWARE;0,03%;US8740541094
JAMES HARDIE INDUSTRIES PLC;0,03%;AU000000JHX1
FUJIFILM HOLDINGS CORP;0,03%;JP3814000000
INSULET CORP;0,03%;US45784P1012
CONCORDIA FINANCIAL GROUP LTD;0,03%;JP3305990008
SOUTHWEST AIRLINES CO;0,03%;US8447411088
CYBERARK SOFTWARE LTD;0,03%;IL0011334468
ONO PHARMACEUTICAL CO LTD;0,03%;JP3197600004
NIKON CORP;0,03%;JP3657400002
EVOLUTION MINING LTD;0,03%;AU000000EVN4
AMERICAN INTERNATIONAL GROUP I;0,03%;US0268747849
AOZORA BANK LTD;0,03%;JP3711200000
NEXT PLC;0,03%;GB0032089863
JB HUNT TRANSPORT SERVICES INC;0,03%;US4456581077
POWER CORP CANADA;0,03%;CA7392391016
JD SPORTS FASHION PLC;0,03%;GB00BYX91H57
GMO PAYMENT GATEWAY INC;0,03%;JP3385890003
HENKEL AG & CO KGAA;0,03%;DE0006048408
LONZA GROUP AG;0,03%;CH0013841017
CI FINANCIAL INC;0,03%;CA1254911003
MATCH GROUP INC;0,03%;US57665R1068
ADVANCE AUTO PARTS INC;0,03%;US00751Y1064
NORTHERN STAR RESOURCES LTD;0,03%;AU000000NST8
STARS GROUP INC (THE);0,03%;CA85570W1005
AVANTOR INC;0,03%;US05352A1007
OTSUKA CORP;0,03%;JP3188200004
SMURFIT KAPPA GROUP PLC;0,03%;IE00B1RR8406
VF CORP;0,03%;US9182041080
TEVA PHARMACEUTICAL INDUSTRIES;0,03%;US8816242098
ITOCHU TECHNO-SOLUTIONS CORP;0,03%;JP3143900003
PUMA SE;0,02%;DE0006969603
TRUIST FINANCIAL CORP;0,02%;US89832Q1094
ALEXION PHARMACEUTICALS INC;0,02%;US0153511094
BT GROUP PLC;0,02%;GB0030913577
SOMPO HOLDINGS INC;0,02%;JP3165000005
CASIO COMPUTER CO LTD;0,02%;JP3209000003
WESTINGHOUSE AIR BRAKE TECHNOL;0,02%;US9297401088
EPIROC AB;0,02%;SE0011166933
EXPEDIA GROUP INC;0,02%;US30212P3038
TIFFANY & CO;0,02%;US8865471085
KANSAI ELECTRIC POWER CO INC/T;0,02%;JP3228600007
CHIBA BANK LTD/THE;0,02%;JP3511800009
EUROFINS SCIENTIFIC SE;0,02%;FR0000038259
DENTSPLY SIRONA INC;0,02%;US24906P1093
ZEBRA TECHNOLOGIES CORP;0,02%;US9892071054
HKT TRUST & HKT LTD;0,02%;HK0000093390
BROTHER INDUSTRIES LTD;0,02%;JP3830000000
PAN AMERICAN SILVER CORP;0,02%;CA6979001089
VENTURE CORP LTD;0,02%;SG0531000230
HOYA CORP;0,02%;JP3837800006
ABIOMED INC;0,02%;US0036541003
LIBERTY GLOBAL PLC;0,02%;GB00B8W67B19
TOKYU FUDOSAN HOLDINGS CORP;0,02%;JP3569200003
TOKYO CENTURY CORP;0,02%;JP3424950008
ASSURANT INC;0,02%;US04621X1081
DIASORIN SPA;0,02%;IT0003492391
JONES LANG LASALLE INC;0,02%;US48020Q1076
BANK OF NOVA SCOTIA;0,02%;CA0641491075
TOPPAN PRINTING CO LTD;0,02%;JP3629000005
UNICHARM CORP;0,02%;JP3951600000
WILMAR INTERNATIONAL LTD;0,02%;SG1T56930848
NEWCREST MINING LTD;0,02%;AU000000NCM7
ISRAEL DISCOUNT BANK LTD;0,02%;IL0006912120
CH ROBINSON WORLDWIDE INC;0,02%;US12541W2098
CONSTELLATION BRANDS INC;0,02%;US21036P1084
SVB FINANCIAL GROUP;0,02%;US78486Q1013
FORTUM OYJ;0,02%;FI0009007132
FAMILYMART CO LTD;0,02%;JP3802600001
FACTSET RESEARCH SYSTEMS INC;0,02%;US3030751057
MAGELLAN FINANCIAL GROUP LTD;0,02%;AU000000MFG4
WH GROUP LTD;0,02%;KYG960071028
SUZUKI MOTOR CORP;0,02%;JP3397200001
WORLDLINE SA/FRANCE;0,02%;FR0011981968
E.ON SE;0,02%;DE000ENAG999
ANNALY CAPITAL MANAGEMENT INC;0,02%;US0357104092
NISSAN CHEMICAL CORP;0,02%;JP3670800006
ELIA GROUP SA/NV;0,02%;BE0003822393
MODERNA INC;0,02%;US60770K1079
KEYERA CORP;0,02%;CA4932711001
CARNIVAL CORP;0,02%;PA1436583006
EMPIRE CO LTD;0,02%;CA2918434077
LIBERTY GLOBAL PLC;0,02%;GB00B8W67662
LABORATORY CORP OF AMERICA HOL;0,02%;US50540R4092
SG HOLDINGS CO LTD;0,02%;JP3162770006
SHIMAMURA CO LTD;0,02%;JP3358200008
OTSUKA HOLDINGS CO LTD;0,02%;JP3188220002
DISCOVERY INC;0,02%;US25470F3029
HALMA PLC;0,02%;GB0004052071
CHARLES SCHWAB CORP/THE;0,02%;US8085131055
MEBUKI FINANCIAL GROUP INC;0,02%;JP3117700009
BANK OF MONTREAL;0,02%;CA0636711016
AVALARA INC;0,02%;US05338G1067
HOLOGIC INC;0,02%;US4364401012
KAKAKU.COM INC;0,02%;JP3206000006
TAIHEIYO CEMENT CORP;0,02%;JP3449020001
KRAFT HEINZ CO/THE;0,02%;US5007541064
ROLLINS INC;0,02%;US7757111049
KONINKLIJKE VOPAK NV;0,02%;NL0009432491
WHARF REAL ESTATE INVESTMENT C;0,02%;KYG9593A1040
ILIAD SA;0,02%;FR0004035913
HOSHIZAKI CORP;0,02%;JP3845770001
DROPBOX INC;0,02%;US26210C1045
IHS MARKIT LTD;0,02%;BMG475671050
ZALANDO SE;0,02%;DE000ZAL1111
WPP PLC;0,02%;JE00B8KF9B49
AMPOL LTD;0,02%;AU0000088338
NORDEA BANK ABP;0,02%;FI4000297767
TOHO GAS CO LTD;0,02%;JP3600200004
SIEMENS HEALTHINEERS AG;0,02%;DE000SHL1006
MITSUBISHI MOTORS CORP;0,02%;JP3899800001
DISCOVER FINANCIAL SERVICES;0,02%;US2547091080
HAKUHODO DY HOLDINGS INC;0,02%;JP3766550002
MOLINA HEALTHCARE INC;0,02%;US60855R1005
ASX LTD;0,02%;AU000000ASX7
CBOE GLOBAL MARKETS INC;0,02%;US12503M1080
KINNEVIK AB;0,02%;SE0013256682
BLACK KNIGHT INC;0,02%;US09215C1053
BURLINGTON STORES INC;0,02%;US1220171060
STORA ENSO OYJ;0,02%;FI0009005961
OCADO GROUP PLC;0,02%;GB00B3MBS747
CARDINAL HEALTH INC;0,02%;US14149Y1082
EVEREST RE GROUP LTD;0,02%;BMG3223R1088
BUREAU VERITAS SA;0,02%;FR0006174348
ZIMMER BIOMET HOLDINGS INC;0,02%;US98956P1021
CATALENT INC;0,02%;US1488061029
GVC HOLDINGS PLC;0,02%;IM00B5VQMV65
MITSUBISHI UFJ LEASE & FINANCE;0,02%;JP3499800005
PERRIGO CO PLC;0,02%;IE00BGH1M568
HERMES INTERNATIONAL;0,02%;FR0000052292
SPARK NEW ZEALAND LTD;0,02%;NZTELE0001S4
NOMURA HOLDINGS INC;0,02%;JP3762600009
AVERY DENNISON CORP;0,02%;US0536111091
IIDA GROUP HOLDINGS CO LTD;0,02%;JP3131090007
TELEFONICA DEUTSCHLAND HOLDING;0,02%;DE000A1J5RX9
TORAY INDUSTRIES INC;0,02%;JP3621000003
RENTOKIL INITIAL PLC;0,02%;GB00B082RF11
AIR LIQUIDE SA;0,02%;FR0000120073
SIKA AG;0,02%;CH0418792922
OJI HOLDINGS CORP;0,02%;JP3174410005
TPG CORP LTD;0,02%;AU000000TPM6
IA FINANCIAL CORP INC;0,02%;CA45075E1043
WESFARMERS LTD;0,02%;AU000000WES1
SVENSKA CELLULOSA AB SCA;0,02%;SE0000112724
YAMAZAKI BAKING CO LTD;0,02%;JP3935600001
ROCKWELL AUTOMATION INC;0,02%;US7739031091
KERRY GROUP PLC;0,02%;IE0004906560
AEON MALL CO LTD;0,02%;JP3131430005
TELECOM ITALIA SPA/MILANO;0,02%;IT0003497168
SYSMEX CORP;0,02%;JP3351100007
CIE FINANCIERE RICHEMONT SA;0,02%;CH0210483332
SUMITOMO RUBBER INDUSTRIES LTD;0,02%;JP3404200002
NEMETSCHEK SE;0,02%;DE0006452907
KNORR-BREMSE AG;0,02%;DE000KBX1006
UNICREDIT SPA;0,02%;IT0005239360
SHIONOGI & CO LTD;0,02%;JP3347200002
RINNAI CORP;0,02%;JP3977400005
BANDAI NAMCO HOLDINGS INC;0,02%;JP3778630008
STANDARD LIFE ABERDEEN PLC;0,02%;GB00BF8Q6K64
EVRAZ PLC;0,02%;GB00B71N6K86
BANCO BILBAO VIZCAYA ARGENTARI;0,02%;ES0113211835
RICOH CO LTD;0,02%;JP3973400009
SOCIETE GENERALE SA;0,02%;FR0000130809
TERUMO CORP;0,02%;JP3546800008
COVESTRO AG;0,02%;DE0006062144
DELL TECHNOLOGIES INC;0,02%;US24703L2025
ADMIRAL GROUP PLC;0,02%;GB00B02J6398
TELSTRA CORP LTD;0,02%;AU000000TLS2
CELLNEX TELECOM SA;0,02%;ES0105066007
SEGA SAMMY HOLDINGS INC;0,02%;JP3419050004
FIFTH THIRD BANCORP;0,02%;US3167731005
KUEHNE + NAGEL INTERNATIONAL A;0,02%;CH0025238863
INGREDION INC;0,02%;US4571871023
BAUSCH HEALTH COS INC;0,02%;CA0717341071
KURITA WATER INDUSTRIES LTD;0,02%;JP3270000007
NTT DATA CORP;0,02%;JP3165700000
DUKE REALTY CORP;0,02%;US2644115055
BLUESCOPE STEEL LTD;0,02%;AU000000BSL0
SEIKO EPSON CORP;0,02%;JP3414750004
VICI PROPERTIES INC;0,02%;US9256521090
LIBERTY MEDIA CORP-LIBERTY SIR;0,02%;US5312296073
HEWLETT PACKARD ENTERPRISE CO;0,02%;US42824C1099
SQUARE ENIX HOLDINGS CO LTD;0,02%;JP3164630000
DAI NIPPON PRINTING CO LTD;0,02%;JP3493800001
ICA GRUPPEN AB;0,02%;SE0000652216
LION CORP;0,02%;JP3965400009
SVENSKA HANDELSBANKEN AB;0,02%;SE0007100599
KOMATSU LTD;0,02%;JP3304200003
3I GROUP PLC;0,02%;GB00B1YW4409
ODAKYU ELECTRIC RAILWAY CO LTD;0,02%;JP3196000008
RED ELECTRICA CORP SA;0,02%;ES0173093024
AVEVA GROUP PLC;0,02%;GB00BBG9VN75
AJINOMOTO CO INC;0,02%;JP3119600009
METRO INC;0,02%;CA59162N1096
DAIWA SECURITIES GROUP INC;0,02%;JP3502200003
NIELSEN HOLDINGS PLC;0,02%;GB00BWFY5505
ARISTOCRAT LEISURE LTD;0,02%;AU000000ALL7
LIXIL GROUP CORP;0,02%;JP3626800001
WP CAREY INC;0,02%;US92936U1097
YAKULT HONSHA CO LTD;0,02%;JP3931600005
BARRY CALLEBAUT AG;0,02%;CH0009002962
YOKOHAMA RUBBER CO LTD/THE;0,02%;JP3955800002
J SAINSBURY PLC;0,02%;GB00B019KW72
SANTEN PHARMACEUTICAL CO LTD;0,02%;JP3336000009
KYUSHU ELECTRIC POWER CO INC;0,02%;JP3246400000
YAMADA DENKI CO LTD;0,02%;JP3939000000
PPG INDUSTRIES INC;0,02%;US6935061076
VICINITY CENTRES;0,02%;AU000000VCX7
MEDIBANK PVT LTD;0,02%;AU000000MPL3
TELE2 AB;0,02%;SE0005190238
HIKARI TSUSHIN INC;0,02%;JP3783420007
ABC-MART INC;0,02%;JP3152740001
WM MORRISON SUPERMARKETS PLC;0,02%;GB0006043169
CALBEE INC;0,02%;JP3220580009
MELCO RESORTS & ENTERTAINMENT;0,02%;US5854641009
STRAUMANN HOLDING AG;0,02%;CH0012280076
NORTONLIFELOCK INC;0,02%;US6687711084
OCCIDENTAL PETROLEUM CORP;0,02%;US6745991058
ADECCO GROUP AG;0,02%;CH0012138605
BCE INC;0,01%;CA05534B7604
LOBLAW COMPANIES LTD;0,01%;CA5394811015
ANTOFAGASTA PLC;0,01%;GB0000456144
FUCHS PETROLUB SE;0,01%;DE0005790430
CANADIAN UTILITIES LTD;0,01%;CA1367178326
BOLIDEN AB;0,01%;SE0012455673
QUEBECOR INC;0,01%;CA7481932084
TOKYO GAS CO LTD;0,01%;JP3573000001
CMS ENERGY CORP;0,01%;US1258961002
GRIFOLS SA;0,01%;ES0171996087
NORTHERN TRUST CORP;0,01%;US6658591044
MEDIPAL HOLDINGS CORP;0,01%;JP3268950007
PENTAIR PLC;0,01%;IE00BLS09M33
MONDI PLC;0,01%;GB00B1CRLC47
CANADIAN APARTMENT PPTYS REIT;0,01%;CA1349211054
KEIO CORP;0,01%;JP3277800003
VERBUND AG;0,01%;AT0000746409
ASSA ABLOY AB;0,01%;SE0007100581
TOHO CO LTD/TOKYO;0,01%;JP3598600009
VIFOR PHARMA AG;0,01%;CH0364749348
VULCAN MATERIALS CO;0,01%;US9291601097
BOUYGUES SA;0,01%;FR0000120503
HESS CORP;0,01%;US42809H1077
SMITHS GROUP PLC;0,01%;GB00B1WY2338
MERIDIAN ENERGY LTD;0,01%;NZMELE0002S7
CDK GLOBAL INC;0,01%;US12508E1010
CF INDUSTRIES HOLDINGS INC;0,01%;US1252691001
GENUINE PARTS CO;0,01%;US3724601055
RANDSTAD NV;0,01%;NL0000379121
NEWELL BRANDS INC;0,01%;US6512291062
TELENET GROUP HOLDING NV;0,01%;BE0003826436
SUZUKEN CO LTD/AICHI JAPAN;0,01%;JP3398000004
PRINCIPAL FINANCIAL GROUP INC;0,01%;US74251V1026
IRON MOUNTAIN INC;0,01%;US46284V1017
RESONA HOLDINGS INC;0,01%;JP3500610005
WEYERHAEUSER CO;0,01%;US9621661043
COCHLEAR LTD;0,01%;AU000000COH5
SCHINDLER HOLDING AG;0,01%;CH0024638212
SEKISUI CHEMICAL CO LTD;0,01%;JP3419400001
COLRUYT SA;0,01%;BE0974256852
RALPH LAUREN CORP;0,01%;US7512121010
RAYMOND JAMES FINANCIAL INC;0,01%;US7547301090
BASF SE;0,01%;DE000BASF111
WESTROCK CO;0,01%;US96145D1054
SWIRE PROPERTIES LTD;0,01%;HK0000063609
LAWSON INC;0,01%;JP3982100004
STEEL DYNAMICS INC;0,01%;US8581191009
LAMB WESTON HOLDINGS INC;0,01%;US5132721045
POWER ASSETS HOLDINGS LTD;0,01%;HK0006000050
JAPAN POST INSURANCE CO LTD;0,01%;JP3233250004
JAPAN POST BANK CO LTD;0,01%;JP3946750001
MOHAWK INDUSTRIES INC;0,01%;US6081901042
VAIL RESORTS INC;0,01%;US91879Q1094
SUMITOMO REALTY & DEVELOPMENT;0,01%;JP3409000001
MARUI GROUP CO LTD;0,01%;JP3870400003
PCCW LTD;0,01%;HK0008011667
KAMIGUMI CO LTD;0,01%;JP3219000001
EAST JAPAN RAILWAY CO;0,01%;JP3783600004
HENDERSON LAND DEVELOPMENT CO;0,01%;HK0012000102
KONAMI HOLDINGS CORP;0,01%;JP3300200007
KEISEI ELECTRIC RAILWAY CO LTD;0,01%;JP3278600006
NATURGY ENERGY GROUP SA;0,01%;ES0116870314
AVALONBAY COMMUNITIES INC;0,01%;US0534841012
GEA GROUP AG;0,01%;DE0006602006
DNB ASA;0,01%;NO0010031479
GECINA SA;0,01%;FR0010040865
GREAT WEST LIFECO INC;0,01%;CA39138C1068
GPT GROUP/THE;0,01%;AU000000GPT8
PARK24 CO LTD;0,01%;JP3780100008
TAISHO PHARMACEUTICAL HOLDINGS;0,01%;JP3442850008
SUMITOMO DAINIPPON PHARMA CO L;0,01%;JP3495000006
BAKER HUGHES CO;0,01%;US05722G1004
PERSOL HOLDINGS CO LTD;0,01%;JP3547670004
ERSTE GROUP BANK AG;0,01%;AT0000652011
JAPAN PRIME REALTY INVESTMENT;0,01%;JP3040890000
KLEPIERRE SA;0,01%;FR0000121964
CAE INC;0,01%;CA1247651088
SEIBU HOLDINGS INC;0,01%;JP3417200007
AZRIELI GROUP LTD;0,01%;IL0011194789
ORIX JREIT INC;0,01%;JP3040880001
ICL GROUP LTD;0,01%;IL0002810146
PUBLICIS GROUPE SA;0,01%;FR0000130577
RIOCAN REIT;0,01%;CA7669101031
LAND SECURITIES GROUP PLC;0,01%;GB00BYW0PQ60
JAPAN RETAIL FUND INVESTMENT C;0,01%;JP3039710003
DIAMONDBACK ENERGY INC;0,01%;US25278X1090
QANTAS AIRWAYS LTD;0,01%;AU000000QAN2
ARAMARK;0,01%;US03852U1060
JCDECAUX SA;0,01%;FR0000077919
EURO STOXX 50 FUTURE (EUX);0,01%;DE000C2Q0WP2
ONEOK INC;0,01%;US6826801036
SWIRE PACIFIC LTD;0,01%;HK0019000162
BRISTOL-MYERS SQUIBB CO;0,01%;US1101221570
ZOZO INC;0,00%;JP3399310006
ACS ACTIVIDADES DE CONSTRUCCIO;0,00%;ES06670509H2
FTSE 100 INDEX FUTURE (ICF);0,00%;GB00HBBG0L85
WIRECARD AG;0,00%;DE0007472060
BOLLORE SA;0,00%;FR0000039299
ALTAGAS LTD;0,00%;CA0213611001
BANCO ESPIRITO SANTO SA;0,00%;PTBES0AM0007
